user_id,subject,topic_id,date,time_spent_minutes,focus_level,interruptions,confidence_after,session_completed
user_1,CS,trees,2024-01-01,51,1,1,2,0
user_1,CS,arrays,2024-01-02,41,1,4,2,0
user_1,Math,derivatives,2024-01-03,31,1,3,1,0
user_1,Math,derivatives,2024-01-04,89,1,2,3,0
user_1,CS,arrays,2024-01-05,87,1,1,1,0
user_1,CS,trees,2024-01-06,54,2,0,2,0
user_1,CS,linked_lists,2024-01-07,76,1,5,1,0
user_1,Math,integrals,2024-01-08,46,1,2,1,0
user_1,CS,linked_lists,2024-01-09,58,1,4,2,0
user_1,Math,limits,2024-01-10,84,2,0,2,0
user_1,Math,limits,2024-01-11,57,1,5,2,0
user_1,CS,trees,2024-01-12,87,1,2,2,0
user_1,Math,integrals,2024-01-13,83,1,2,3,0
user_1,Math,derivatives,2024-01-14,71,1,2,2,0
user_1,Math,limits,2024-01-15,57,1,1,2,0
user_1,Math,integrals,2024-01-16,33,1,4,2,0
user_1,Math,integrals,2024-01-17,66,1,5,1,0
user_1,CS,arrays,2024-01-18,47,1,4,3,0
user_1,CS,linked_lists,2024-01-19,41,1,5,2,0
user_1,CS,trees,2024-01-20,37,1,4,2,0
user_1,Math,derivatives,2024-01-21,71,1,1,1,0
user_1,CS,arrays,2024-01-22,46,1,3,2,0
user_1,Math,limits,2024-01-23,35,1,1,2,0
user_1,Math,derivatives,2024-01-24,47,1,5,2,0
user_1,CS,linked_lists,2024-01-25,52,1,3,1,0
user_1,CS,linked_lists,2024-01-26,59,1,1,3,0
user_1,CS,linked_lists,2024-01-27,69,1,1,2,0
user_1,Math,limits,2024-01-28,80,1,2,2,0
user_1,CS,trees,2024-01-29,84,1,2,2,0
user_1,Math,integrals,2024-01-30,71,2,0,2,0
user_2,CS,linked_lists,2024-01-01,71,1,2,2,0
user_2,CS,trees,2024-01-02,32,2,1,3,0
user_2,Math,derivatives,2024-01-03,83,2,0,2,0
user_2,Math,derivatives,2024-01-04,70,2,0,3,0
user_2,Math,derivatives,2024-01-05,76,1,3,2,0
user_2,Math,limits,2024-01-06,83,1,5,2,0
user_2,Math,derivatives,2024-01-07,52,1,3,2,0
user_2,CS,linked_lists,2024-01-08,80,1,4,1,0
user_2,Math,limits,2024-01-09,89,1,4,2,0
user_2,Math,integrals,2024-01-10,80,1,3,2,0
user_2,Math,derivatives,2024-01-11,45,2,1,1,0
user_2,Math,derivatives,2024-01-12,88,1,3,1,0
user_2,Math,limits,2024-01-13,61,1,4,1,0
user_2,CS,linked_lists,2024-01-14,35,1,3,1,0
user_2,CS,linked_lists,2024-01-15,89,2,1,2,0
user_2,Math,limits,2024-01-16,59,2,0,1,0
user_2,CS,trees,2024-01-17,39,2,0,3,0
user_2,CS,linked_lists,2024-01-18,73,1,3,1,0
user_2,Math,derivatives,2024-01-19,36,1,5,2,0
user_2,CS,arrays,2024-01-20,25,2,0,2,0
user_2,CS,linked_lists,2024-01-21,53,2,1,3,0
user_2,CS,arrays,2024-01-22,23,2,1,2,0
user_2,CS,arrays,2024-01-23,35,1,2,1,0
user_2,CS,linked_lists,2024-01-24,49,1,4,3,0
user_2,CS,arrays,2024-01-25,48,2,1,1,0
user_2,CS,arrays,2024-01-26,67,1,4,3,0
user_2,CS,linked_lists,2024-01-27,34,1,2,3,0
user_2,Math,integrals,2024-01-28,85,1,5,1,0
user_2,Math,derivatives,2024-01-29,35,2,0,3,0
user_2,CS,linked_lists,2024-01-30,55,1,2,3,0
user_3,Math,integrals,2024-01-01,83,1,3,1,0
user_3,CS,trees,2024-01-02,62,1,4,2,0
user_3,Math,integrals,2024-01-03,73,1,2,1,0
user_3,Math,integrals,2024-01-04,49,1,0,1,0
user_3,Math,integrals,2024-01-05,54,1,2,1,0
user_3,CS,linked_lists,2024-01-06,78,1,3,1,0
user_3,CS,linked_lists,2024-01-07,90,1,1,2,0
user_3,Math,integrals,2024-01-08,31,1,2,2,0
user_3,CS,trees,2024-01-09,39,1,5,1,0
user_3,CS,arrays,2024-01-10,80,1,3,2,0
user_3,CS,linked_lists,2024-01-11,49,1,1,1,0
user_3,CS,trees,2024-01-12,27,1,3,1,0
user_3,CS,trees,2024-01-13,42,1,5,1,0
user_3,CS,trees,2024-01-14,68,1,0,1,0
user_3,Math,limits,2024-01-15,32,1,2,1,0
user_3,CS,trees,2024-01-16,45,1,0,1,0
user_3,CS,trees,2024-01-17,43,1,3,1,0
user_3,CS,linked_lists,2024-01-18,37,1,2,2,0
user_3,CS,linked_lists,2024-01-19,25,1,2,1,0
user_3,CS,arrays,2024-01-20,40,1,3,1,0
user_3,CS,linked_lists,2024-01-21,56,1,3,1,0
user_3,CS,trees,2024-01-22,43,1,3,1,0
user_3,CS,linked_lists,2024-01-23,60,1,2,2,0
user_3,CS,linked_lists,2024-01-24,43,1,3,2,0
user_3,CS,trees,2024-01-25,86,1,2,2,0
user_3,CS,trees,2024-01-26,52,1,2,1,0
user_3,Math,limits,2024-01-27,48,1,0,1,0
user_3,Math,derivatives,2024-01-28,86,1,0,1,0
user_3,Math,limits,2024-01-29,67,1,5,2,0
user_3,CS,trees,2024-01-30,50,1,3,2,0
user_4,Math,limits,2024-01-01,49,1,2,2,0
user_4,Math,derivatives,2024-01-02,64,1,5,1,0
user_4,Math,limits,2024-01-03,79,2,1,3,0
user_4,Math,integrals,2024-01-04,23,1,3,2,0
user_4,Math,integrals,2024-01-05,40,2,0,3,0
user_4,CS,arrays,2024-01-06,30,1,4,3,0
user_4,CS,linked_lists,2024-01-07,72,1,5,2,0
user_4,Math,derivatives,2024-01-08,53,2,1,2,0
user_4,Math,derivatives,2024-01-09,83,1,5,3,0
user_4,CS,arrays,2024-01-10,66,1,5,3,0
user_4,CS,arrays,2024-01-11,63,2,1,2,0
user_4,CS,trees,2024-01-12,69,2,1,2,0
user_4,CS,arrays,2024-01-13,54,1,2,1,0
user_4,Math,limits,2024-01-14,74,1,3,2,0
user_4,Math,derivatives,2024-01-15,77,1,3,3,0
user_4,Math,derivatives,2024-01-16,26,1,2,1,0
user_4,CS,linked_lists,2024-01-17,88,2,1,2,0
user_4,Math,integrals,2024-01-18,25,2,1,2,0
user_4,CS,trees,2024-01-19,85,1,5,2,0
user_4,Math,limits,2024-01-20,79,1,3,3,0
user_4,Math,derivatives,2024-01-21,37,1,3,3,0
user_4,Math,limits,2024-01-22,87,2,1,3,0
user_4,CS,linked_lists,2024-01-23,52,2,0,2,0
user_4,CS,trees,2024-01-24,82,1,3,2,0
user_4,CS,trees,2024-01-25,51,1,2,3,0
user_4,Math,integrals,2024-01-26,44,2,0,3,0
user_4,CS,trees,2024-01-27,42,2,1,2,0
user_4,CS,arrays,2024-01-28,44,1,5,2,0
user_4,Math,integrals,2024-01-29,70,2,1,2,0
user_4,Math,limits,2024-01-30,32,1,2,2,0
user_5,Math,derivatives,2024-01-01,21,2,0,2,0
user_5,Math,limits,2024-01-02,81,2,0,1,0
user_5,CS,linked_lists,2024-01-03,63,1,3,2,0
user_5,CS,arrays,2024-01-04,78,1,5,3,0
user_5,CS,trees,2024-01-05,35,1,3,2,0
user_5,CS,arrays,2024-01-06,56,2,0,2,0
user_5,CS,linked_lists,2024-01-07,30,1,2,1,0
user_5,CS,trees,2024-01-08,86,1,1,2,0
user_5,CS,trees,2024-01-09,59,1,4,2,0
user_5,CS,linked_lists,2024-01-10,33,2,0,1,0
user_5,CS,trees,2024-01-11,85,1,2,2,0
user_5,Math,integrals,2024-01-12,54,1,4,2,0
user_5,Math,integrals,2024-01-13,85,2,0,2,0
user_5,CS,linked_lists,2024-01-14,78,1,2,2,0
user_5,Math,integrals,2024-01-15,26,1,1,1,0
user_5,CS,arrays,2024-01-16,45,1,1,2,0
user_5,CS,linked_lists,2024-01-17,54,1,3,1,0
user_5,CS,linked_lists,2024-01-18,37,1,5,3,0
user_5,CS,linked_lists,2024-01-19,45,1,2,2,0
user_5,Math,integrals,2024-01-20,61,1,3,1,0
user_5,CS,arrays,2024-01-21,62,1,5,3,0
user_5,Math,integrals,2024-01-22,70,2,0,1,0
user_5,CS,trees,2024-01-23,70,1,4,2,0
user_5,Math,integrals,2024-01-24,24,1,2,2,0
user_5,CS,arrays,2024-01-25,80,1,5,3,0
user_5,CS,arrays,2024-01-26,20,1,2,2,0
user_5,CS,arrays,2024-01-27,81,2,0,3,0
user_5,CS,arrays,2024-01-28,74,1,2,2,0
user_5,CS,linked_lists,2024-01-29,84,1,1,2,0
user_5,Math,integrals,2024-01-30,66,1,3,1,0
user_6,Math,derivatives,2024-01-01,62,1,1,2,0
user_6,Math,integrals,2024-01-02,74,1,4,2,0
user_6,Math,derivatives,2024-01-03,28,1,1,1,0
user_6,Math,derivatives,2024-01-04,28,1,0,1,0
user_6,Math,limits,2024-01-05,83,1,5,2,0
user_6,Math,derivatives,2024-01-06,69,1,4,2,0
user_6,CS,linked_lists,2024-01-07,56,1,3,2,0
user_6,Math,integrals,2024-01-08,61,1,5,1,0
user_6,CS,trees,2024-01-09,57,1,5,2,0
user_6,CS,arrays,2024-01-10,45,1,3,1,0
user_6,CS,trees,2024-01-11,62,1,5,2,0
user_6,Math,limits,2024-01-12,89,1,3,1,0
user_6,CS,linked_lists,2024-01-13,89,1,0,1,0
user_6,Math,derivatives,2024-01-14,28,1,0,1,0
user_6,CS,trees,2024-01-15,24,1,3,1,0
user_6,CS,linked_lists,2024-01-16,46,1,3,1,0
user_6,CS,trees,2024-01-17,51,1,5,1,0
user_6,Math,limits,2024-01-18,83,1,1,1,0
user_6,Math,limits,2024-01-19,25,1,4,2,0
user_6,Math,derivatives,2024-01-20,72,1,4,1,0
user_6,Math,derivatives,2024-01-21,67,1,2,1,0
user_6,CS,linked_lists,2024-01-22,42,1,5,1,0
user_6,CS,linked_lists,2024-01-23,72,1,5,1,0
user_6,Math,limits,2024-01-24,44,1,0,2,0
user_6,Math,limits,2024-01-25,32,1,3,1,0
user_6,Math,limits,2024-01-26,57,1,4,2,0
user_6,Math,integrals,2024-01-27,73,1,3,1,0
user_6,Math,derivatives,2024-01-28,68,1,4,2,0
user_6,CS,arrays,2024-01-29,25,1,5,1,0
user_6,CS,arrays,2024-01-30,39,1,1,1,0
user_7,CS,trees,2024-01-01,38,1,3,1,0
user_7,Math,integrals,2024-01-02,89,1,2,1,0
user_7,Math,integrals,2024-01-03,29,1,0,1,0
user_7,CS,arrays,2024-01-04,32,1,3,1,0
user_7,Math,derivatives,2024-01-05,90,1,4,1,0
user_7,CS,trees,2024-01-06,49,1,3,1,0
user_7,CS,linked_lists,2024-01-07,89,1,4,2,0
user_7,Math,integrals,2024-01-08,88,1,2,1,0
user_7,Math,derivatives,2024-01-09,89,1,1,1,0
user_7,CS,linked_lists,2024-01-10,41,1,5,1,0
user_7,CS,arrays,2024-01-11,43,1,2,1,0
user_7,Math,limits,2024-01-12,39,1,5,1,0
user_7,Math,derivatives,2024-01-13,83,1,4,2,0
user_7,Math,derivatives,2024-01-14,58,1,0,1,0
user_7,Math,integrals,2024-01-15,80,1,4,1,0
user_7,CS,linked_lists,2024-01-16,30,1,1,1,0
user_7,Math,integrals,2024-01-17,38,1,5,2,0
user_7,CS,linked_lists,2024-01-18,67,1,2,1,0
user_7,CS,linked_lists,2024-01-19,86,1,5,2,0
user_7,Math,integrals,2024-01-20,81,1,1,1,0
user_7,Math,derivatives,2024-01-21,81,1,1,1,0
user_7,CS,trees,2024-01-22,64,1,2,1,0
user_7,CS,trees,2024-01-23,46,1,1,2,0
user_7,Math,limits,2024-01-24,61,1,5,1,0
user_7,Math,integrals,2024-01-25,33,1,5,1,0
user_7,Math,limits,2024-01-26,53,1,4,2,0
user_7,Math,limits,2024-01-27,51,1,4,2,0
user_7,CS,arrays,2024-01-28,46,1,4,1,0
user_7,Math,derivatives,2024-01-29,67,1,3,1,0
user_7,CS,linked_lists,2024-01-30,89,1,0,1,0
user_8,Math,limits,2024-01-01,85,1,1,1,0
user_8,CS,trees,2024-01-02,90,1,3,2,0
user_8,CS,linked_lists,2024-01-03,28,1,3,1,0
user_8,CS,arrays,2024-01-04,60,1,4,1,0
user_8,CS,arrays,2024-01-05,23,1,3,1,0
user_8,Math,integrals,2024-01-06,79,1,3,2,0
user_8,CS,linked_lists,2024-01-07,85,1,1,2,0
user_8,Math,integrals,2024-01-08,81,1,0,2,0
user_8,Math,limits,2024-01-09,20,1,4,2,0
user_8,Math,limits,2024-01-10,49,1,0,2,0
user_8,CS,arrays,2024-01-11,31,1,3,1,0
user_8,Math,integrals,2024-01-12,85,1,3,1,0
user_8,CS,trees,2024-01-13,78,1,0,1,0
user_8,Math,limits,2024-01-14,31,1,2,1,0
user_8,Math,limits,2024-01-15,21,1,5,1,0
user_8,Math,limits,2024-01-16,45,1,2,2,0
user_8,Math,derivatives,2024-01-17,60,1,5,2,0
user_8,Math,integrals,2024-01-18,42,1,3,1,0
user_8,CS,trees,2024-01-19,40,1,1,1,0
user_8,Math,derivatives,2024-01-20,72,1,1,1,0
user_8,CS,arrays,2024-01-21,57,1,4,1,0
user_8,CS,arrays,2024-01-22,30,1,4,2,0
user_8,Math,derivatives,2024-01-23,36,1,1,1,0
user_8,Math,derivatives,2024-01-24,59,1,5,2,0
user_8,CS,linked_lists,2024-01-25,85,1,1,1,0
user_8,CS,arrays,2024-01-26,39,1,1,2,0
user_8,CS,arrays,2024-01-27,68,1,4,1,0
user_8,Math,limits,2024-01-28,79,1,5,1,0
user_8,CS,linked_lists,2024-01-29,55,1,1,2,0
user_8,Math,integrals,2024-01-30,72,1,2,1,0
user_9,Math,derivatives,2024-01-01,46,1,5,2,0
user_9,CS,arrays,2024-01-02,30,1,4,1,0
user_9,Math,limits,2024-01-03,26,1,2,2,0
user_9,CS,linked_lists,2024-01-04,38,1,3,2,0
user_9,Math,derivatives,2024-01-05,61,1,5,2,0
user_9,Math,integrals,2024-01-06,89,1,1,2,0
user_9,CS,arrays,2024-01-07,85,2,0,1,0
user_9,Math,limits,2024-01-08,78,1,2,2,0
user_9,Math,limits,2024-01-09,83,1,4,1,0
user_9,Math,limits,2024-01-10,43,1,4,1,0
user_9,CS,linked_lists,2024-01-11,45,1,1,1,0
user_9,CS,trees,2024-01-12,27,1,3,1,0
user_9,CS,arrays,2024-01-13,23,1,3,2,0
user_9,CS,linked_lists,2024-01-14,63,1,4,2,0
user_9,Math,derivatives,2024-01-15,21,1,4,1,0
user_9,Math,integrals,2024-01-16,64,2,0,2,0
user_9,CS,arrays,2024-01-17,70,1,3,1,0
user_9,Math,limits,2024-01-18,76,2,0,1,0
user_9,Math,limits,2024-01-19,83,1,5,1,0
user_9,CS,trees,2024-01-20,69,1,4,1,0
user_9,Math,derivatives,2024-01-21,33,2,0,1,0
user_9,CS,linked_lists,2024-01-22,58,1,1,2,0
user_9,Math,derivatives,2024-01-23,33,1,4,3,0
user_9,CS,arrays,2024-01-24,89,1,5,2,0
user_9,Math,integrals,2024-01-25,76,1,4,1,0
user_9,Math,derivatives,2024-01-26,55,1,2,1,0
user_9,Math,limits,2024-01-27,23,1,2,3,0
user_9,CS,linked_lists,2024-01-28,59,1,3,3,0
user_9,CS,arrays,2024-01-29,64,2,0,1,0
user_9,Math,limits,2024-01-30,28,2,0,1,0
user_10,Math,integrals,2024-01-01,58,2,0,1,0
user_10,CS,trees,2024-01-02,31,1,2,1,0
user_10,Math,derivatives,2024-01-03,81,1,2,3,0
user_10,CS,arrays,2024-01-04,25,2,0,2,0
user_10,CS,linked_lists,2024-01-05,84,1,2,2,0
user_10,Math,integrals,2024-01-06,30,1,2,2,0
user_10,Math,derivatives,2024-01-07,84,1,4,2,0
user_10,CS,arrays,2024-01-08,25,1,5,2,0
user_10,Math,derivatives,2024-01-09,77,1,3,1,0
user_10,Math,derivatives,2024-01-10,63,1,1,2,0
user_10,CS,trees,2024-01-11,43,1,4,1,0
user_10,Math,limits,2024-01-12,40,2,0,2,0
user_10,Math,integrals,2024-01-13,50,1,2,2,0
user_10,Math,limits,2024-01-14,24,2,0,1,0
user_10,CS,arrays,2024-01-15,89,1,3,2,0
user_10,Math,limits,2024-01-16,69,2,0,2,0
user_10,Math,integrals,2024-01-17,31,2,0,1,0
user_10,CS,linked_lists,2024-01-18,42,1,1,1,0
user_10,CS,trees,2024-01-19,58,1,2,1,0
user_10,Math,limits,2024-01-20,35,1,2,2,0
user_10,CS,arrays,2024-01-21,51,1,1,2,0
user_10,CS,arrays,2024-01-22,37,1,2,2,0
user_10,CS,arrays,2024-01-23,83,1,5,2,0
user_10,Math,integrals,2024-01-24,52,1,4,2,0
user_10,CS,trees,2024-01-25,63,1,2,1,0
user_10,CS,trees,2024-01-26,83,1,1,1,0
user_10,CS,arrays,2024-01-27,68,1,4,2,0
user_10,Math,derivatives,2024-01-28,35,2,0,2,0
user_10,Math,derivatives,2024-01-29,59,1,2,1,0
user_10,Math,limits,2024-01-30,72,1,2,1,0
user_11,Math,derivatives,2024-01-01,62,1,4,3,0
user_11,CS,arrays,2024-01-02,47,1,3,3,0
user_11,CS,arrays,2024-01-03,68,1,5,2,0
user_11,Math,integrals,2024-01-04,38,2,0,3,0
user_11,CS,linked_lists,2024-01-05,46,1,3,2,0
user_11,CS,arrays,2024-01-06,69,2,1,2,0
user_11,Math,derivatives,2024-01-07,31,2,1,3,0
user_11,Math,derivatives,2024-01-08,57,2,1,2,0
user_11,CS,arrays,2024-01-09,54,2,1,1,0
user_11,Math,derivatives,2024-01-10,39,2,1,2,0
user_11,Math,limits,2024-01-11,69,2,1,3,0
user_11,CS,arrays,2024-01-12,27,1,5,2,0
user_11,Math,limits,2024-01-13,44,1,5,2,0
user_11,Math,integrals,2024-01-14,32,2,0,2,0
user_11,CS,trees,2024-01-15,40,1,4,2,0
user_11,Math,integrals,2024-01-16,30,2,1,3,0
user_11,CS,arrays,2024-01-17,48,1,4,3,0
user_11,CS,linked_lists,2024-01-18,31,1,4,2,0
user_11,CS,arrays,2024-01-19,33,2,1,2,0
user_11,Math,integrals,2024-01-20,75,1,2,2,0
user_11,Math,limits,2024-01-21,40,2,1,3,0
user_11,CS,trees,2024-01-22,59,1,3,1,0
user_11,CS,trees,2024-01-23,33,2,0,3,0
user_11,Math,limits,2024-01-24,50,2,0,2,0
user_11,CS,arrays,2024-01-25,30,1,5,1,0
user_11,Math,integrals,2024-01-26,35,2,1,3,0
user_11,Math,integrals,2024-01-27,78,2,1,3,0
user_11,Math,limits,2024-01-28,53,1,2,3,0
user_11,CS,linked_lists,2024-01-29,72,1,4,1,0
user_11,CS,trees,2024-01-30,42,1,5,2,0
user_12,CS,arrays,2024-01-01,26,2,0,2,0
user_12,CS,arrays,2024-01-02,28,2,0,3,0
user_12,Math,integrals,2024-01-03,68,1,5,1,0
user_12,Math,derivatives,2024-01-04,20,1,5,1,0
user_12,Math,integrals,2024-01-05,56,1,2,2,0
user_12,Math,derivatives,2024-01-06,62,1,3,2,0
user_12,CS,arrays,2024-01-07,20,2,1,3,0
user_12,CS,linked_lists,2024-01-08,31,2,1,3,0
user_12,Math,derivatives,2024-01-09,68,1,4,3,0
user_12,CS,trees,2024-01-10,60,1,4,2,0
user_12,Math,derivatives,2024-01-11,52,1,2,2,0
user_12,CS,arrays,2024-01-12,85,1,4,3,0
user_12,Math,derivatives,2024-01-13,74,2,1,3,0
user_12,Math,limits,2024-01-14,50,1,2,2,0
user_12,CS,arrays,2024-01-15,24,1,2,3,0
user_12,CS,linked_lists,2024-01-16,34,2,0,2,0
user_12,CS,linked_lists,2024-01-17,84,1,4,2,0
user_12,Math,limits,2024-01-18,77,1,4,2,0
user_12,CS,arrays,2024-01-19,29,1,2,3,0
user_12,CS,linked_lists,2024-01-20,26,2,1,2,0
user_12,CS,trees,2024-01-21,86,1,3,2,0
user_12,CS,arrays,2024-01-22,89,1,2,2,0
user_12,CS,arrays,2024-01-23,23,1,5,2,0
user_12,Math,integrals,2024-01-24,39,2,1,3,0
user_12,Math,derivatives,2024-01-25,39,2,0,3,0
user_12,CS,arrays,2024-01-26,90,2,0,3,0
user_12,CS,linked_lists,2024-01-27,50,1,4,3,0
user_12,CS,linked_lists,2024-01-28,31,2,0,1,0
user_12,Math,limits,2024-01-29,71,1,5,2,0
user_12,Math,integrals,2024-01-30,45,1,3,3,0
user_13,CS,trees,2024-01-01,42,1,4,1,0
user_13,CS,trees,2024-01-02,84,1,3,1,0
user_13,CS,linked_lists,2024-01-03,70,1,2,1,0
user_13,Math,limits,2024-01-04,24,1,4,2,0
user_13,Math,derivatives,2024-01-05,50,1,0,1,0
user_13,Math,integrals,2024-01-06,88,1,2,1,0
user_13,Math,derivatives,2024-01-07,55,1,5,1,0
user_13,CS,arrays,2024-01-08,81,1,3,1,0
user_13,CS,linked_lists,2024-01-09,57,1,1,2,0
user_13,Math,derivatives,2024-01-10,69,1,1,2,0
user_13,CS,arrays,2024-01-11,90,1,4,2,0
user_13,Math,limits,2024-01-12,59,1,4,1,0
user_13,CS,arrays,2024-01-13,81,1,1,1,0
user_13,CS,linked_lists,2024-01-14,90,1,1,1,0
user_13,Math,derivatives,2024-01-15,51,1,4,1,0
user_13,CS,arrays,2024-01-16,36,1,1,2,0
user_13,CS,arrays,2024-01-17,55,1,5,1,0
user_13,Math,limits,2024-01-18,40,1,5,2,0
user_13,CS,trees,2024-01-19,53,1,3,1,0
user_13,Math,derivatives,2024-01-20,85,1,0,1,0
user_13,Math,integrals,2024-01-21,84,1,0,1,0
user_13,Math,derivatives,2024-01-22,47,1,5,1,0
user_13,CS,trees,2024-01-23,31,1,1,1,0
user_13,Math,integrals,2024-01-24,60,1,2,1,0
user_13,CS,trees,2024-01-25,73,1,4,1,0
user_13,Math,derivatives,2024-01-26,34,1,4,1,0
user_13,CS,linked_lists,2024-01-27,30,1,1,1,0
user_13,CS,arrays,2024-01-28,52,1,0,2,0
user_13,CS,trees,2024-01-29,68,1,1,1,0
user_13,Math,integrals,2024-01-30,45,1,0,2,0
user_14,Math,integrals,2024-01-01,76,1,4,2,0
user_14,CS,linked_lists,2024-01-02,26,1,4,2,0
user_14,Math,derivatives,2024-01-03,31,1,4,3,0
user_14,Math,derivatives,2024-01-04,86,1,3,3,0
user_14,CS,trees,2024-01-05,59,1,4,3,0
user_14,CS,trees,2024-01-06,72,1,4,2,0
user_14,CS,linked_lists,2024-01-07,51,1,5,2,0
user_14,Math,integrals,2024-01-08,46,1,4,3,0
user_14,CS,linked_lists,2024-01-09,85,2,0,2,0
user_14,Math,limits,2024-01-10,72,2,0,2,0
user_14,Math,derivatives,2024-01-11,30,1,4,3,0
user_14,Math,limits,2024-01-12,20,1,3,1,0
user_14,CS,arrays,2024-01-13,58,1,5,2,0
user_14,CS,linked_lists,2024-01-14,42,1,2,3,0
user_14,CS,linked_lists,2024-01-15,61,1,2,2,0
user_14,Math,integrals,2024-01-16,82,1,2,2,0
user_14,Math,integrals,2024-01-17,72,2,1,2,0
user_14,CS,linked_lists,2024-01-18,90,1,2,3,0
user_14,CS,arrays,2024-01-19,79,1,3,2,0
user_14,Math,limits,2024-01-20,22,1,5,1,0
user_14,CS,trees,2024-01-21,44,2,0,3,0
user_14,CS,arrays,2024-01-22,36,1,4,3,0
user_14,Math,integrals,2024-01-23,59,1,2,2,0
user_14,Math,limits,2024-01-24,84,2,0,1,0
user_14,Math,integrals,2024-01-25,30,1,3,2,0
user_14,CS,linked_lists,2024-01-26,90,1,2,3,0
user_14,Math,limits,2024-01-27,20,1,5,2,0
user_14,Math,limits,2024-01-28,83,2,1,3,0
user_14,Math,derivatives,2024-01-29,25,2,0,1,0
user_14,CS,trees,2024-01-30,42,2,0,3,0
user_15,Math,integrals,2024-01-01,39,2,1,2,0
user_15,Math,derivatives,2024-01-02,43,2,0,3,0
user_15,CS,arrays,2024-01-03,74,1,3,2,0
user_15,CS,trees,2024-01-04,35,1,3,2,0
user_15,CS,arrays,2024-01-05,43,2,1,3,0
user_15,CS,linked_lists,2024-01-06,22,1,5,2,0
user_15,CS,trees,2024-01-07,56,1,5,2,0
user_15,CS,arrays,2024-01-08,90,2,0,2,0
user_15,Math,integrals,2024-01-09,87,1,2,3,0
user_15,CS,linked_lists,2024-01-10,89,1,4,3,0
user_15,Math,limits,2024-01-11,68,1,3,3,0
user_15,CS,arrays,2024-01-12,77,1,2,3,0
user_15,Math,derivatives,2024-01-13,79,2,1,2,0
user_15,CS,arrays,2024-01-14,59,1,3,1,0
user_15,CS,arrays,2024-01-15,73,1,2,2,0
user_15,Math,integrals,2024-01-16,52,1,4,2,0
user_15,Math,limits,2024-01-17,39,2,0,3,0
user_15,Math,integrals,2024-01-18,37,1,4,3,0
user_15,Math,derivatives,2024-01-19,55,1,5,1,0
user_15,CS,linked_lists,2024-01-20,59,1,2,2,0
user_15,CS,linked_lists,2024-01-21,48,1,5,3,0
user_15,Math,limits,2024-01-22,89,2,1,1,0
user_15,Math,limits,2024-01-23,84,1,5,2,0
user_15,CS,trees,2024-01-24,62,2,1,3,0
user_15,Math,limits,2024-01-25,46,2,0,3,0
user_15,Math,derivatives,2024-01-26,51,1,4,1,0
user_15,CS,arrays,2024-01-27,76,2,1,2,0
user_15,Math,integrals,2024-01-28,69,1,5,3,0
user_15,CS,trees,2024-01-29,29,1,2,1,0
user_15,CS,arrays,2024-01-30,31,1,5,2,0
user_16,Math,derivatives,2024-01-01,49,1,3,1,0
user_16,Math,limits,2024-01-02,90,1,4,3,0
user_16,Math,limits,2024-01-03,87,1,5,1,0
user_16,CS,linked_lists,2024-01-04,20,1,3,3,0
user_16,Math,limits,2024-01-05,43,1,5,3,0
user_16,CS,trees,2024-01-06,43,1,4,1,0
user_16,CS,linked_lists,2024-01-07,31,1,3,2,0
user_16,CS,linked_lists,2024-01-08,56,1,2,2,0
user_16,Math,limits,2024-01-09,54,1,2,2,0
user_16,Math,derivatives,2024-01-10,62,1,1,2,0
user_16,Math,integrals,2024-01-11,36,1,5,3,0
user_16,CS,linked_lists,2024-01-12,37,1,1,3,0
user_16,Math,limits,2024-01-13,71,1,4,1,0
user_16,Math,integrals,2024-01-14,81,1,5,1,0
user_16,Math,limits,2024-01-15,88,1,5,3,0
user_16,CS,linked_lists,2024-01-16,42,1,1,2,0
user_16,CS,trees,2024-01-17,61,1,2,2,0
user_16,CS,linked_lists,2024-01-18,80,1,4,1,0
user_16,Math,integrals,2024-01-19,55,2,0,2,0
user_16,Math,integrals,2024-01-20,57,1,1,2,0
user_16,CS,trees,2024-01-21,69,1,3,1,0
user_16,Math,limits,2024-01-22,88,1,2,1,0
user_16,CS,linked_lists,2024-01-23,47,1,5,2,0
user_16,Math,limits,2024-01-24,35,1,5,1,0
user_16,Math,derivatives,2024-01-25,47,1,4,2,0
user_16,Math,limits,2024-01-26,56,1,1,1,0
user_16,Math,limits,2024-01-27,46,1,5,2,0
user_16,CS,trees,2024-01-28,54,1,1,1,0
user_16,CS,trees,2024-01-29,68,1,1,2,0
user_16,Math,integrals,2024-01-30,53,1,4,1,0
user_17,CS,arrays,2024-01-01,24,1,3,3,0
user_17,CS,linked_lists,2024-01-02,70,1,2,2,0
user_17,CS,linked_lists,2024-01-03,33,2,1,3,0
user_17,CS,linked_lists,2024-01-04,79,1,5,2,0
user_17,CS,linked_lists,2024-01-05,85,1,2,1,0
user_17,Math,derivatives,2024-01-06,28,2,1,2,0
user_17,Math,limits,2024-01-07,37,2,0,2,0
user_17,Math,limits,2024-01-08,85,2,1,2,0
user_17,Math,derivatives,2024-01-09,73,2,0,3,0
user_17,Math,integrals,2024-01-10,37,1,2,2,0
user_17,Math,integrals,2024-01-11,45,1,4,2,0
user_17,Math,limits,2024-01-12,82,1,2,3,0
user_17,Math,limits,2024-01-13,69,1,2,3,0
user_17,CS,arrays,2024-01-14,32,2,1,1,0
user_17,CS,linked_lists,2024-01-15,81,1,5,1,0
user_17,CS,arrays,2024-01-16,31,1,4,2,0
user_17,Math,limits,2024-01-17,71,1,2,1,0
user_17,Math,integrals,2024-01-18,44,2,1,2,0
user_17,Math,integrals,2024-01-19,40,1,4,2,0
user_17,Math,derivatives,2024-01-20,23,2,0,2,0
user_17,Math,limits,2024-01-21,86,1,4,3,0
user_17,CS,linked_lists,2024-01-22,90,1,3,1,0
user_17,CS,trees,2024-01-23,61,2,1,2,0
user_17,CS,linked_lists,2024-01-24,73,1,4,2,0
user_17,Math,integrals,2024-01-25,35,2,0,1,0
user_17,CS,linked_lists,2024-01-26,55,1,2,2,0
user_17,CS,arrays,2024-01-27,82,1,4,3,0
user_17,CS,trees,2024-01-28,88,1,2,3,0
user_17,Math,limits,2024-01-29,35,1,5,3,0
user_17,CS,arrays,2024-01-30,22,2,0,3,0
user_18,CS,trees,2024-01-01,43,1,5,2,0
user_18,Math,integrals,2024-01-02,76,1,1,1,0
user_18,Math,derivatives,2024-01-03,62,1,3,1,0
user_18,CS,arrays,2024-01-04,85,1,5,2,0
user_18,CS,linked_lists,2024-01-05,53,1,1,1,0
user_18,CS,linked_lists,2024-01-06,34,1,1,1,0
user_18,Math,integrals,2024-01-07,86,1,2,1,0
user_18,Math,limits,2024-01-08,38,1,1,1,0
user_18,Math,derivatives,2024-01-09,72,1,0,1,0
user_18,Math,integrals,2024-01-10,64,1,0,1,0
user_18,Math,derivatives,2024-01-11,46,1,4,1,0
user_18,Math,limits,2024-01-12,36,1,2,1,0
user_18,Math,derivatives,2024-01-13,27,1,2,1,0
user_18,CS,trees,2024-01-14,87,1,2,2,0
user_18,Math,limits,2024-01-15,75,1,2,2,0
user_18,Math,integrals,2024-01-16,86,1,3,1,0
user_18,Math,derivatives,2024-01-17,68,1,4,1,0
user_18,CS,arrays,2024-01-18,46,1,3,2,0
user_18,CS,arrays,2024-01-19,83,1,2,2,0
user_18,Math,integrals,2024-01-20,58,1,3,2,0
user_18,Math,integrals,2024-01-21,89,1,5,1,0
user_18,CS,arrays,2024-01-22,82,1,3,1,0
user_18,CS,trees,2024-01-23,64,1,4,1,0
user_18,CS,arrays,2024-01-24,54,1,1,2,0
user_18,Math,derivatives,2024-01-25,84,1,5,2,0
user_18,Math,derivatives,2024-01-26,80,1,2,2,0
user_18,CS,linked_lists,2024-01-27,87,1,0,2,0
user_18,CS,linked_lists,2024-01-28,89,1,0,2,0
user_18,CS,linked_lists,2024-01-29,47,1,2,1,0
user_18,CS,arrays,2024-01-30,44,1,0,1,0
user_19,Math,integrals,2024-01-01,74,2,0,2,0
user_19,CS,linked_lists,2024-01-02,63,2,0,1,0
user_19,CS,trees,2024-01-03,82,1,2,1,0
user_19,CS,linked_lists,2024-01-04,64,1,1,3,0
user_19,CS,arrays,2024-01-05,62,1,5,2,0
user_19,CS,linked_lists,2024-01-06,85,1,1,1,0
user_19,CS,trees,2024-01-07,82,1,5,1,0
user_19,CS,arrays,2024-01-08,64,1,1,1,0
user_19,Math,integrals,2024-01-09,34,1,3,2,0
user_19,CS,arrays,2024-01-10,63,1,4,1,0
user_19,Math,integrals,2024-01-11,23,1,2,2,0
user_19,Math,limits,2024-01-12,71,2,0,1,0
user_19,CS,trees,2024-01-13,63,1,5,2,0
user_19,CS,trees,2024-01-14,22,1,3,2,0
user_19,Math,limits,2024-01-15,43,1,5,1,0
user_19,Math,limits,2024-01-16,84,1,4,1,0
user_19,Math,derivatives,2024-01-17,25,1,5,1,0
user_19,Math,integrals,2024-01-18,57,2,0,2,0
user_19,Math,integrals,2024-01-19,58,1,3,1,0
user_19,CS,linked_lists,2024-01-20,24,1,3,2,0
user_19,Math,limits,2024-01-21,31,1,2,1,0
user_19,Math,limits,2024-01-22,71,1,2,3,0
user_19,Math,limits,2024-01-23,86,1,4,2,0
user_19,Math,limits,2024-01-24,76,2,0,2,0
user_19,CS,trees,2024-01-25,25,1,4,1,0
user_19,Math,limits,2024-01-26,53,1,3,2,0
user_19,Math,integrals,2024-01-27,45,2,0,2,0
user_19,Math,integrals,2024-01-28,69,1,1,2,0
user_19,Math,integrals,2024-01-29,45,1,2,1,0
user_19,CS,linked_lists,2024-01-30,34,1,4,2,0
user_20,CS,trees,2024-01-01,27,1,5,2,0
user_20,CS,arrays,2024-01-02,35,1,5,1,0
user_20,CS,trees,2024-01-03,41,1,1,2,0
user_20,Math,limits,2024-01-04,69,1,4,1,0
user_20,Math,derivatives,2024-01-05,24,1,2,1,0
user_20,CS,linked_lists,2024-01-06,73,1,3,2,0
user_20,CS,arrays,2024-01-07,69,1,3,2,0
user_20,Math,limits,2024-01-08,39,1,4,1,0
user_20,Math,limits,2024-01-09,75,1,5,2,0
user_20,CS,arrays,2024-01-10,51,1,2,1,0
user_20,Math,integrals,2024-01-11,85,1,1,1,0
user_20,Math,integrals,2024-01-12,87,1,1,1,0
user_20,CS,arrays,2024-01-13,40,2,0,1,0
user_20,Math,integrals,2024-01-14,34,1,5,1,0
user_20,CS,arrays,2024-01-15,50,1,4,1,0
user_20,CS,linked_lists,2024-01-16,57,1,3,1,0
user_20,Math,derivatives,2024-01-17,87,1,2,2,0
user_20,CS,linked_lists,2024-01-18,73,1,5,2,0
user_20,Math,limits,2024-01-19,27,1,4,2,0
user_20,CS,linked_lists,2024-01-20,52,1,1,1,0
user_20,Math,limits,2024-01-21,62,1,2,1,0
user_20,Math,derivatives,2024-01-22,56,2,0,2,0
user_20,Math,integrals,2024-01-23,22,1,5,1,0
user_20,Math,integrals,2024-01-24,83,2,0,1,0
user_20,Math,derivatives,2024-01-25,37,2,0,2,0
user_20,Math,integrals,2024-01-26,36,1,4,1,0
user_20,CS,arrays,2024-01-27,38,1,1,2,0
user_20,CS,arrays,2024-01-28,61,1,2,1,0
user_20,CS,arrays,2024-01-29,53,1,5,1,0
user_20,Math,limits,2024-01-30,69,1,3,1,0
user_21,CS,linked_lists,2024-01-01,70,1,4,2,0
user_21,CS,linked_lists,2024-01-02,61,1,1,2,0
user_21,Math,derivatives,2024-01-03,38,1,3,2,0
user_21,Math,limits,2024-01-04,49,2,0,3,0
user_21,Math,integrals,2024-01-05,56,1,4,2,0
user_21,Math,integrals,2024-01-06,59,1,1,1,0
user_21,Math,derivatives,2024-01-07,87,1,3,2,0
user_21,Math,derivatives,2024-01-08,60,1,2,2,0
user_21,CS,trees,2024-01-09,77,1,5,2,0
user_21,CS,trees,2024-01-10,55,1,5,2,0
user_21,CS,trees,2024-01-11,70,1,4,2,0
user_21,CS,trees,2024-01-12,75,2,0,1,0
user_21,Math,integrals,2024-01-13,62,1,2,2,0
user_21,Math,derivatives,2024-01-14,32,1,2,1,0
user_21,CS,trees,2024-01-15,54,2,0,2,0
user_21,Math,limits,2024-01-16,74,1,1,1,0
user_21,Math,derivatives,2024-01-17,85,1,3,3,0
user_21,CS,trees,2024-01-18,75,2,0,2,0
user_21,CS,linked_lists,2024-01-19,55,1,3,1,0
user_21,CS,arrays,2024-01-20,90,1,5,2,0
user_21,CS,arrays,2024-01-21,46,1,1,2,0
user_21,CS,trees,2024-01-22,64,1,4,1,0
user_21,Math,integrals,2024-01-23,35,1,4,2,0
user_21,Math,derivatives,2024-01-24,38,1,3,3,0
user_21,CS,linked_lists,2024-01-25,62,1,4,3,0
user_21,CS,trees,2024-01-26,30,1,4,2,0
user_21,Math,derivatives,2024-01-27,86,1,2,1,0
user_21,Math,integrals,2024-01-28,76,1,5,1,0
user_21,Math,limits,2024-01-29,41,1,5,2,0
user_21,CS,linked_lists,2024-01-30,90,1,5,2,0
user_22,CS,arrays,2024-01-01,68,1,0,1,0
user_22,Math,integrals,2024-01-02,30,1,5,1,0
user_22,Math,limits,2024-01-03,84,1,0,2,0
user_22,Math,integrals,2024-01-04,90,1,0,1,0
user_22,Math,derivatives,2024-01-05,32,1,0,2,0
user_22,CS,arrays,2024-01-06,27,1,2,1,0
user_22,Math,integrals,2024-01-07,54,1,1,1,0
user_22,Math,limits,2024-01-08,80,1,2,1,0
user_22,Math,derivatives,2024-01-09,37,1,1,1,0
user_22,Math,derivatives,2024-01-10,47,1,2,2,0
user_22,Math,limits,2024-01-11,48,1,1,1,0
user_22,Math,limits,2024-01-12,37,1,1,1,0
user_22,Math,integrals,2024-01-13,27,1,5,1,0
user_22,CS,arrays,2024-01-14,32,1,3,1,0
user_22,CS,trees,2024-01-15,70,1,0,2,0
user_22,Math,integrals,2024-01-16,66,1,2,1,0
user_22,CS,trees,2024-01-17,79,1,0,1,0
user_22,CS,arrays,2024-01-18,76,1,4,2,0
user_22,Math,integrals,2024-01-19,52,1,3,2,0
user_22,CS,linked_lists,2024-01-20,66,1,0,2,0
user_22,Math,derivatives,2024-01-21,72,1,1,2,0
user_22,Math,integrals,2024-01-22,76,1,1,2,0
user_22,CS,linked_lists,2024-01-23,75,1,5,1,0
user_22,CS,linked_lists,2024-01-24,39,1,0,2,0
user_22,CS,linked_lists,2024-01-25,37,1,4,2,0
user_22,CS,trees,2024-01-26,25,1,2,2,0
user_22,Math,integrals,2024-01-27,22,1,4,1,0
user_22,Math,integrals,2024-01-28,44,1,2,2,0
user_22,CS,arrays,2024-01-29,39,1,5,1,0
user_22,CS,linked_lists,2024-01-30,55,1,5,1,0
user_23,Math,derivatives,2024-01-01,86,1,3,3,0
user_23,Math,derivatives,2024-01-02,62,1,3,3,0
user_23,Math,integrals,2024-01-03,22,1,3,2,0
user_23,CS,trees,2024-01-04,73,1,4,3,0
user_23,Math,integrals,2024-01-05,61,2,1,3,0
user_23,Math,integrals,2024-01-06,21,1,2,2,0
user_23,Math,derivatives,2024-01-07,42,2,1,2,0
user_23,CS,linked_lists,2024-01-08,23,1,4,3,0
user_23,CS,arrays,2024-01-09,89,1,3,3,0
user_23,Math,integrals,2024-01-10,59,1,5,1,0
user_23,Math,integrals,2024-01-11,60,2,0,3,0
user_23,CS,trees,2024-01-12,65,1,2,2,0
user_23,Math,derivatives,2024-01-13,41,2,1,3,0
user_23,CS,trees,2024-01-14,74,1,4,3,0
user_23,Math,integrals,2024-01-15,87,1,4,3,0
user_23,Math,limits,2024-01-16,68,1,5,2,0
user_23,Math,derivatives,2024-01-17,55,1,4,2,0
user_23,Math,integrals,2024-01-18,58,1,4,2,0
user_23,CS,linked_lists,2024-01-19,65,1,3,2,0
user_23,Math,limits,2024-01-20,58,1,5,3,0
user_23,Math,limits,2024-01-21,51,2,1,3,0
user_23,Math,limits,2024-01-22,20,2,1,1,0
user_23,CS,linked_lists,2024-01-23,31,2,1,3,0
user_23,CS,linked_lists,2024-01-24,22,1,5,2,0
user_23,CS,arrays,2024-01-25,85,1,2,3,0
user_23,CS,trees,2024-01-26,49,1,2,2,0
user_23,CS,linked_lists,2024-01-27,68,2,1,3,0
user_23,CS,trees,2024-01-28,39,1,2,2,0
user_23,CS,linked_lists,2024-01-29,49,1,5,3,0
user_23,CS,trees,2024-01-30,89,2,1,1,0
user_24,Math,derivatives,2024-01-01,24,1,2,3,0
user_24,CS,trees,2024-01-02,68,1,3,1,0
user_24,CS,trees,2024-01-03,27,2,0,1,0
user_24,CS,arrays,2024-01-04,76,1,5,1,0
user_24,Math,limits,2024-01-05,55,1,3,1,0
user_24,Math,limits,2024-01-06,32,1,1,2,0
user_24,Math,limits,2024-01-07,61,2,0,1,0
user_24,CS,trees,2024-01-08,49,1,2,1,0
user_24,Math,derivatives,2024-01-09,73,1,5,3,0
user_24,Math,derivatives,2024-01-10,74,1,2,1,0
user_24,CS,arrays,2024-01-11,47,1,1,2,0
user_24,Math,derivatives,2024-01-12,55,1,5,1,0
user_24,Math,limits,2024-01-13,67,2,0,2,0
user_24,Math,derivatives,2024-01-14,36,1,2,2,0
user_24,Math,integrals,2024-01-15,47,2,0,3,0
user_24,CS,linked_lists,2024-01-16,61,1,4,1,0
user_24,CS,linked_lists,2024-01-17,51,1,3,2,0
user_24,CS,trees,2024-01-18,89,1,3,2,0
user_24,Math,derivatives,2024-01-19,72,1,2,3,0
user_24,Math,integrals,2024-01-20,47,2,0,2,0
user_24,Math,limits,2024-01-21,81,2,0,1,0
user_24,Math,integrals,2024-01-22,69,1,4,1,0
user_24,CS,trees,2024-01-23,86,1,1,1,0
user_24,CS,linked_lists,2024-01-24,68,1,1,2,0
user_24,Math,integrals,2024-01-25,82,1,5,1,0
user_24,CS,linked_lists,2024-01-26,85,2,0,1,0
user_24,CS,arrays,2024-01-27,21,1,5,1,0
user_24,Math,integrals,2024-01-28,85,2,0,2,0
user_24,CS,arrays,2024-01-29,81,1,1,2,0
user_24,Math,limits,2024-01-30,35,1,1,1,0
user_25,CS,trees,2024-01-01,36,1,2,2,0
user_25,Math,integrals,2024-01-02,73,1,3,3,0
user_25,Math,limits,2024-01-03,48,1,5,2,0
user_25,Math,limits,2024-01-04,33,1,5,2,0
user_25,CS,arrays,2024-01-05,55,1,2,2,0
user_25,CS,linked_lists,2024-01-06,87,1,1,1,0
user_25,Math,limits,2024-01-07,78,1,1,2,0
user_25,CS,linked_lists,2024-01-08,63,1,2,1,0
user_25,CS,arrays,2024-01-09,46,1,4,3,0
user_25,CS,trees,2024-01-10,35,1,3,1,0
user_25,CS,arrays,2024-01-11,26,1,1,2,0
user_25,CS,linked_lists,2024-01-12,59,1,1,1,0
user_25,Math,derivatives,2024-01-13,70,2,0,1,0
user_25,CS,linked_lists,2024-01-14,44,2,0,2,0
user_25,Math,derivatives,2024-01-15,20,1,3,1,0
user_25,CS,linked_lists,2024-01-16,79,1,5,2,0
user_25,CS,linked_lists,2024-01-17,72,1,2,2,0
user_25,CS,arrays,2024-01-18,39,1,2,3,0
user_25,CS,arrays,2024-01-19,77,1,2,2,0
user_25,Math,derivatives,2024-01-20,36,2,0,2,0
user_25,Math,derivatives,2024-01-21,89,1,4,2,0
user_25,CS,linked_lists,2024-01-22,67,1,1,1,0
user_25,CS,linked_lists,2024-01-23,62,1,1,3,0
user_25,Math,integrals,2024-01-24,66,1,5,2,0
user_25,Math,integrals,2024-01-25,66,1,5,2,0
user_25,CS,trees,2024-01-26,37,1,5,2,0
user_25,Math,derivatives,2024-01-27,46,1,2,1,0
user_25,CS,arrays,2024-01-28,36,2,0,2,0
user_25,CS,trees,2024-01-29,79,1,3,2,0
user_25,CS,arrays,2024-01-30,59,1,2,1,0
user_26,Math,limits,2024-01-01,26,1,5,1,0
user_26,CS,linked_lists,2024-01-02,56,1,0,2,0
user_26,Math,derivatives,2024-01-03,33,1,1,2,0
user_26,CS,linked_lists,2024-01-04,58,1,1,1,0
user_26,Math,derivatives,2024-01-05,87,1,5,2,0
user_26,CS,arrays,2024-01-06,33,1,4,1,0
user_26,CS,arrays,2024-01-07,68,1,5,2,0
user_26,Math,limits,2024-01-08,33,1,3,1,0
user_26,Math,integrals,2024-01-09,61,1,3,2,0
user_26,CS,linked_lists,2024-01-10,54,1,0,2,0
user_26,CS,trees,2024-01-11,33,1,0,1,0
user_26,CS,arrays,2024-01-12,49,1,0,2,0
user_26,CS,linked_lists,2024-01-13,38,1,5,1,0
user_26,Math,limits,2024-01-14,39,1,0,2,0
user_26,Math,integrals,2024-01-15,62,1,3,1,0
user_26,Math,derivatives,2024-01-16,33,1,5,1,0
user_26,Math,limits,2024-01-17,70,1,1,1,0
user_26,Math,derivatives,2024-01-18,70,1,2,2,0
user_26,CS,trees,2024-01-19,24,1,1,1,0
user_26,CS,trees,2024-01-20,76,1,0,2,0
user_26,CS,arrays,2024-01-21,83,1,3,1,0
user_26,CS,linked_lists,2024-01-22,33,1,1,2,0
user_26,CS,linked_lists,2024-01-23,67,1,4,2,0
user_26,CS,arrays,2024-01-24,72,1,1,1,0
user_26,Math,limits,2024-01-25,75,1,2,2,0
user_26,Math,derivatives,2024-01-26,54,1,5,1,0
user_26,Math,integrals,2024-01-27,30,1,0,2,0
user_26,CS,linked_lists,2024-01-28,62,1,2,1,0
user_26,Math,derivatives,2024-01-29,60,1,2,2,0
user_26,Math,derivatives,2024-01-30,68,1,4,1,0
user_27,CS,trees,2024-01-01,68,1,5,1,0
user_27,CS,arrays,2024-01-02,81,1,5,1,0
user_27,CS,arrays,2024-01-03,52,1,2,1,0
user_27,Math,integrals,2024-01-04,57,1,2,1,0
user_27,Math,derivatives,2024-01-05,45,1,1,1,0
user_27,CS,arrays,2024-01-06,29,1,1,1,0
user_27,Math,integrals,2024-01-07,53,1,5,1,0
user_27,CS,trees,2024-01-08,90,1,4,1,0
user_27,Math,derivatives,2024-01-09,74,1,1,2,0
user_27,CS,trees,2024-01-10,64,1,5,1,0
user_27,Math,limits,2024-01-11,35,1,4,1,0
user_27,Math,integrals,2024-01-12,83,1,0,2,0
user_27,Math,derivatives,2024-01-13,70,1,5,2,0
user_27,Math,limits,2024-01-14,61,1,1,1,0
user_27,Math,derivatives,2024-01-15,45,1,1,2,0
user_27,CS,linked_lists,2024-01-16,74,1,0,2,0
user_27,Math,integrals,2024-01-17,69,1,2,1,0
user_27,Math,limits,2024-01-18,74,1,4,2,0
user_27,CS,linked_lists,2024-01-19,67,1,3,1,0
user_27,Math,derivatives,2024-01-20,64,1,2,1,0
user_27,CS,arrays,2024-01-21,27,1,0,1,0
user_27,Math,derivatives,2024-01-22,58,1,0,1,0
user_27,CS,arrays,2024-01-23,75,1,4,1,0
user_27,CS,trees,2024-01-24,43,1,0,1,0
user_27,Math,derivatives,2024-01-25,49,1,1,1,0
user_27,CS,linked_lists,2024-01-26,35,1,1,2,0
user_27,Math,integrals,2024-01-27,74,1,1,1,0
user_27,Math,limits,2024-01-28,72,1,3,2,0
user_27,CS,trees,2024-01-29,36,1,3,1,0
user_27,CS,trees,2024-01-30,60,1,2,2,0
user_28,Math,limits,2024-01-01,70,1,0,2,0
user_28,CS,arrays,2024-01-02,65,1,2,1,0
user_28,Math,derivatives,2024-01-03,68,1,2,2,0
user_28,CS,arrays,2024-01-04,36,1,1,1,0
user_28,CS,trees,2024-01-05,90,1,5,2,0
user_28,CS,trees,2024-01-06,43,1,3,1,0
user_28,CS,arrays,2024-01-07,27,1,0,2,0
user_28,Math,limits,2024-01-08,38,1,0,2,0
user_28,CS,linked_lists,2024-01-09,31,1,4,1,0
user_28,Math,limits,2024-01-10,80,1,0,1,0
user_28,CS,arrays,2024-01-11,21,1,5,1,0
user_28,CS,linked_lists,2024-01-12,71,1,4,1,0
user_28,CS,arrays,2024-01-13,52,1,4,1,0
user_28,CS,trees,2024-01-14,31,1,4,1,0
user_28,Math,integrals,2024-01-15,77,1,1,2,0
user_28,Math,integrals,2024-01-16,62,1,4,2,0
user_28,Math,integrals,2024-01-17,39,1,2,1,0
user_28,Math,derivatives,2024-01-18,47,1,2,1,0
user_28,Math,integrals,2024-01-19,57,1,0,1,0
user_28,Math,limits,2024-01-20,70,1,3,2,0
user_28,CS,arrays,2024-01-21,79,1,1,1,0
user_28,CS,arrays,2024-01-22,49,1,0,1,0
user_28,CS,arrays,2024-01-23,84,1,2,2,0
user_28,CS,linked_lists,2024-01-24,74,1,2,1,0
user_28,CS,trees,2024-01-25,30,1,1,1,0
user_28,CS,linked_lists,2024-01-26,30,1,4,2,0
user_28,CS,linked_lists,2024-01-27,90,1,0,2,0
user_28,CS,linked_lists,2024-01-28,81,1,1,2,0
user_28,Math,integrals,2024-01-29,55,1,5,1,0
user_28,Math,integrals,2024-01-30,90,1,3,2,0
user_29,Math,limits,2024-01-01,51,1,3,3,0
user_29,CS,trees,2024-01-02,55,1,4,2,0
user_29,CS,linked_lists,2024-01-03,22,1,3,2,0
user_29,CS,linked_lists,2024-01-04,35,1,2,2,0
user_29,CS,arrays,2024-01-05,51,1,3,3,0
user_29,CS,arrays,2024-01-06,90,1,3,3,0
user_29,CS,arrays,2024-01-07,77,1,3,3,0
user_29,Math,limits,2024-01-08,41,1,2,3,0
user_29,Math,derivatives,2024-01-09,74,1,2,2,0
user_29,Math,limits,2024-01-10,81,2,1,2,0
user_29,CS,trees,2024-01-11,54,1,4,2,0
user_29,CS,trees,2024-01-12,75,2,0,3,0
user_29,Math,derivatives,2024-01-13,85,2,1,2,0
user_29,CS,arrays,2024-01-14,70,1,4,2,0
user_29,CS,linked_lists,2024-01-15,75,1,4,3,0
user_29,Math,integrals,2024-01-16,43,2,1,3,0
user_29,CS,trees,2024-01-17,51,2,1,2,0
user_29,CS,trees,2024-01-18,64,1,2,3,0
user_29,CS,linked_lists,2024-01-19,60,1,5,3,0
user_29,Math,derivatives,2024-01-20,86,1,3,2,0
user_29,CS,arrays,2024-01-21,45,1,4,2,0
user_29,CS,arrays,2024-01-22,71,1,5,2,0
user_29,CS,trees,2024-01-23,88,1,3,3,0
user_29,CS,arrays,2024-01-24,56,1,2,2,0
user_29,CS,arrays,2024-01-25,20,1,2,2,0
user_29,CS,arrays,2024-01-26,87,1,5,2,0
user_29,CS,linked_lists,2024-01-27,51,1,4,3,0
user_29,CS,arrays,2024-01-28,49,1,4,2,0
user_29,Math,integrals,2024-01-29,87,1,4,3,0
user_29,CS,trees,2024-01-30,51,1,5,3,0
user_30,CS,linked_lists,2024-01-01,72,1,3,2,0
user_30,CS,arrays,2024-01-02,30,1,1,1,0
user_30,Math,limits,2024-01-03,77,1,4,1,0
user_30,CS,linked_lists,2024-01-04,88,1,1,2,0
user_30,CS,trees,2024-01-05,61,1,3,2,0
user_30,Math,integrals,2024-01-06,22,1,1,2,0
user_30,Math,limits,2024-01-07,88,1,5,2,0
user_30,Math,derivatives,2024-01-08,61,1,5,1,0
user_30,Math,limits,2024-01-09,59,1,5,1,0
user_30,Math,integrals,2024-01-10,24,1,5,1,0
user_30,Math,integrals,2024-01-11,47,1,0,1,0
user_30,CS,linked_lists,2024-01-12,66,1,2,1,0
user_30,CS,arrays,2024-01-13,43,1,4,1,0
user_30,CS,arrays,2024-01-14,27,1,3,2,0
user_30,CS,linked_lists,2024-01-15,31,1,2,2,0
user_30,Math,integrals,2024-01-16,22,1,1,2,0
user_30,Math,derivatives,2024-01-17,76,1,0,2,0
user_30,CS,linked_lists,2024-01-18,21,1,1,1,0
user_30,Math,limits,2024-01-19,26,1,5,2,0
user_30,CS,arrays,2024-01-20,74,1,4,2,0
user_30,CS,linked_lists,2024-01-21,30,1,5,1,0
user_30,CS,trees,2024-01-22,29,1,0,2,0
user_30,CS,linked_lists,2024-01-23,26,1,5,2,0
user_30,Math,derivatives,2024-01-24,89,1,5,1,0
user_30,CS,arrays,2024-01-25,74,1,4,2,0
user_30,CS,arrays,2024-01-26,81,1,3,2,0
user_30,Math,limits,2024-01-27,35,1,3,1,0
user_30,Math,derivatives,2024-01-28,75,1,2,2,0
user_30,Math,integrals,2024-01-29,83,1,1,1,0
user_30,Math,derivatives,2024-01-30,34,1,0,2,0
user_31,CS,linked_lists,2024-01-01,49,1,3,1,0
user_31,Math,limits,2024-01-02,55,1,4,2,0
user_31,Math,limits,2024-01-03,70,1,4,2,0
user_31,CS,arrays,2024-01-04,82,1,3,1,0
user_31,CS,arrays,2024-01-05,84,1,4,3,0
user_31,CS,linked_lists,2024-01-06,58,1,3,2,0
user_31,CS,trees,2024-01-07,51,1,4,2,0
user_31,Math,limits,2024-01-08,38,2,0,2,0
user_31,Math,integrals,2024-01-09,66,1,3,3,0
user_31,CS,arrays,2024-01-10,43,2,1,1,0
user_31,Math,integrals,2024-01-11,66,1,5,3,0
user_31,Math,integrals,2024-01-12,64,1,4,3,0
user_31,CS,linked_lists,2024-01-13,52,1,2,1,0
user_31,CS,arrays,2024-01-14,33,1,2,2,0
user_31,Math,limits,2024-01-15,32,2,1,2,0
user_31,CS,arrays,2024-01-16,73,1,3,3,0
user_31,CS,arrays,2024-01-17,37,1,4,3,0
user_31,CS,trees,2024-01-18,47,2,0,3,0
user_31,CS,arrays,2024-01-19,25,2,1,2,0
user_31,CS,trees,2024-01-20,69,1,5,3,0
user_31,Math,derivatives,2024-01-21,81,1,3,2,0
user_31,CS,trees,2024-01-22,54,1,3,2,0
user_31,CS,trees,2024-01-23,59,1,4,2,0
user_31,Math,integrals,2024-01-24,48,2,1,3,0
user_31,Math,derivatives,2024-01-25,41,1,3,2,0
user_31,CS,linked_lists,2024-01-26,82,1,4,1,0
user_31,CS,arrays,2024-01-27,89,2,0,2,0
user_31,Math,limits,2024-01-28,52,2,0,1,0
user_31,Math,integrals,2024-01-29,55,1,2,1,0
user_31,CS,arrays,2024-01-30,71,1,2,3,0
user_32,Math,limits,2024-01-01,63,1,4,1,0
user_32,CS,arrays,2024-01-02,74,1,1,1,0
user_32,Math,integrals,2024-01-03,58,2,0,2,0
user_32,Math,integrals,2024-01-04,72,1,5,1,0
user_32,CS,arrays,2024-01-05,20,1,4,2,0
user_32,CS,arrays,2024-01-06,49,1,1,1,0
user_32,Math,derivatives,2024-01-07,84,1,2,1,0
user_32,Math,limits,2024-01-08,47,1,5,2,0
user_32,CS,linked_lists,2024-01-09,53,1,3,1,0
user_32,CS,trees,2024-01-10,79,1,5,2,0
user_32,CS,linked_lists,2024-01-11,41,1,1,1,0
user_32,CS,linked_lists,2024-01-12,69,1,2,3,0
user_32,CS,arrays,2024-01-13,67,1,3,1,0
user_32,CS,linked_lists,2024-01-14,72,1,2,1,0
user_32,CS,arrays,2024-01-15,79,1,2,1,0
user_32,Math,limits,2024-01-16,54,2,0,2,0
user_32,CS,trees,2024-01-17,32,1,3,2,0
user_32,CS,linked_lists,2024-01-18,34,1,4,3,0
user_32,CS,linked_lists,2024-01-19,47,1,1,1,0
user_32,Math,integrals,2024-01-20,28,1,2,2,0
user_32,CS,linked_lists,2024-01-21,50,1,2,1,0
user_32,CS,arrays,2024-01-22,23,1,5,1,0
user_32,CS,trees,2024-01-23,73,1,1,2,0
user_32,Math,integrals,2024-01-24,77,2,0,1,0
user_32,Math,derivatives,2024-01-25,62,1,3,2,0
user_32,CS,trees,2024-01-26,21,2,0,1,0
user_32,CS,arrays,2024-01-27,53,1,3,1,0
user_32,Math,limits,2024-01-28,53,1,4,2,0
user_32,Math,limits,2024-01-29,38,2,0,2,0
user_32,Math,derivatives,2024-01-30,48,1,5,2,0
user_33,CS,linked_lists,2024-01-01,81,1,5,2,0
user_33,CS,arrays,2024-01-02,22,1,2,3,0
user_33,Math,integrals,2024-01-03,36,1,2,3,0
user_33,Math,derivatives,2024-01-04,44,1,4,3,0
user_33,CS,trees,2024-01-05,56,1,2,2,0
user_33,Math,integrals,2024-01-06,51,2,1,2,0
user_33,Math,derivatives,2024-01-07,79,1,3,3,0
user_33,CS,trees,2024-01-08,21,1,4,2,0
user_33,CS,arrays,2024-01-09,67,2,0,3,0
user_33,CS,arrays,2024-01-10,71,2,0,3,0
user_33,CS,trees,2024-01-11,35,1,5,3,0
user_33,CS,arrays,2024-01-12,85,1,5,2,0
user_33,Math,derivatives,2024-01-13,24,1,3,3,0
user_33,CS,arrays,2024-01-14,40,1,2,3,0
user_33,CS,linked_lists,2024-01-15,67,1,3,2,0
user_33,CS,trees,2024-01-16,58,1,5,3,0
user_33,Math,limits,2024-01-17,38,2,0,2,0
user_33,CS,trees,2024-01-18,85,1,2,3,0
user_33,CS,arrays,2024-01-19,55,1,4,2,0
user_33,CS,arrays,2024-01-20,42,2,0,2,0
user_33,CS,trees,2024-01-21,73,2,0,2,0
user_33,Math,integrals,2024-01-22,39,1,4,3,0
user_33,CS,trees,2024-01-23,68,1,2,1,0
user_33,Math,integrals,2024-01-24,42,2,1,2,0
user_33,CS,trees,2024-01-25,20,1,3,2,0
user_33,Math,derivatives,2024-01-26,89,1,2,3,0
user_33,CS,linked_lists,2024-01-27,72,2,0,3,0
user_33,Math,limits,2024-01-28,78,1,4,3,0
user_33,Math,limits,2024-01-29,60,2,0,2,0
user_33,Math,derivatives,2024-01-30,45,2,1,2,0
user_34,CS,trees,2024-01-01,48,1,4,1,0
user_34,CS,linked_lists,2024-01-02,53,1,4,1,0
user_34,Math,derivatives,2024-01-03,47,1,2,1,0
user_34,Math,limits,2024-01-04,74,1,5,2,0
user_34,Math,integrals,2024-01-05,88,1,5,1,0
user_34,CS,linked_lists,2024-01-06,22,1,1,2,0
user_34,CS,trees,2024-01-07,30,1,5,1,0
user_34,CS,trees,2024-01-08,79,1,2,1,0
user_34,CS,linked_lists,2024-01-09,60,1,1,2,0
user_34,Math,integrals,2024-01-10,23,1,4,1,0
user_34,Math,derivatives,2024-01-11,75,1,5,2,0
user_34,CS,trees,2024-01-12,36,1,1,1,0
user_34,Math,integrals,2024-01-13,55,1,4,1,0
user_34,Math,integrals,2024-01-14,64,1,2,1,0
user_34,CS,linked_lists,2024-01-15,62,1,0,1,0
user_34,CS,linked_lists,2024-01-16,70,1,1,1,0
user_34,Math,derivatives,2024-01-17,84,1,5,2,0
user_34,Math,integrals,2024-01-18,68,1,2,1,0
user_34,CS,arrays,2024-01-19,78,1,4,1,0
user_34,Math,integrals,2024-01-20,83,1,3,1,0
user_34,CS,linked_lists,2024-01-21,85,1,3,1,0
user_34,Math,derivatives,2024-01-22,62,1,1,1,0
user_34,CS,linked_lists,2024-01-23,80,1,1,2,0
user_34,CS,arrays,2024-01-24,37,1,0,1,0
user_34,CS,linked_lists,2024-01-25,28,1,3,2,0
user_34,Math,limits,2024-01-26,73,1,4,1,0
user_34,CS,linked_lists,2024-01-27,30,1,3,1,0
user_34,CS,linked_lists,2024-01-28,56,1,2,2,0
user_34,Math,limits,2024-01-29,79,1,1,1,0
user_34,Math,integrals,2024-01-30,71,1,4,2,0
user_35,CS,arrays,2024-01-01,79,1,2,1,0
user_35,CS,linked_lists,2024-01-02,86,1,0,2,0
user_35,Math,derivatives,2024-01-03,23,1,5,2,0
user_35,Math,limits,2024-01-04,58,1,1,1,0
user_35,CS,trees,2024-01-05,41,1,4,1,0
user_35,Math,limits,2024-01-06,28,1,1,2,0
user_35,Math,derivatives,2024-01-07,75,1,0,2,0
user_35,CS,linked_lists,2024-01-08,30,1,1,1,0
user_35,CS,arrays,2024-01-09,66,1,4,2,0
user_35,Math,derivatives,2024-01-10,79,1,3,2,0
user_35,CS,arrays,2024-01-11,49,1,2,2,0
user_35,Math,integrals,2024-01-12,25,1,5,2,0
user_35,CS,arrays,2024-01-13,23,1,4,2,0
user_35,CS,arrays,2024-01-14,36,1,1,1,0
user_35,CS,trees,2024-01-15,79,1,1,1,0
user_35,Math,integrals,2024-01-16,66,1,0,1,0
user_35,CS,arrays,2024-01-17,86,1,3,2,0
user_35,CS,arrays,2024-01-18,32,1,5,2,0
user_35,Math,derivatives,2024-01-19,82,1,0,2,0
user_35,Math,limits,2024-01-20,32,1,5,1,0
user_35,CS,linked_lists,2024-01-21,86,1,1,1,0
user_35,Math,derivatives,2024-01-22,24,1,1,1,0
user_35,CS,trees,2024-01-23,27,1,5,2,0
user_35,Math,integrals,2024-01-24,66,1,0,1,0
user_35,CS,linked_lists,2024-01-25,26,1,4,1,0
user_35,CS,arrays,2024-01-26,71,1,1,1,0
user_35,Math,limits,2024-01-27,72,1,4,2,0
user_35,CS,trees,2024-01-28,20,1,2,1,0
user_35,Math,derivatives,2024-01-29,69,1,3,1,0
user_35,CS,linked_lists,2024-01-30,76,1,0,2,0
user_36,Math,limits,2024-01-01,62,1,4,2,0
user_36,Math,integrals,2024-01-02,27,1,2,1,0
user_36,Math,limits,2024-01-03,37,1,4,2,0
user_36,Math,integrals,2024-01-04,48,1,1,2,0
user_36,Math,derivatives,2024-01-05,69,1,2,2,0
user_36,Math,integrals,2024-01-06,44,1,0,1,0
user_36,CS,arrays,2024-01-07,21,1,1,2,0
user_36,CS,arrays,2024-01-08,22,1,3,1,0
user_36,Math,limits,2024-01-09,28,1,2,1,0
user_36,Math,limits,2024-01-10,69,1,2,1,0
user_36,Math,derivatives,2024-01-11,79,1,0,2,0
user_36,CS,trees,2024-01-12,74,1,4,1,0
user_36,Math,integrals,2024-01-13,50,1,5,1,0
user_36,CS,trees,2024-01-14,37,1,2,1,0
user_36,Math,derivatives,2024-01-15,68,1,0,1,0
user_36,Math,derivatives,2024-01-16,50,1,5,1,0
user_36,CS,arrays,2024-01-17,47,1,5,2,0
user_36,CS,linked_lists,2024-01-18,62,1,3,1,0
user_36,CS,trees,2024-01-19,40,1,3,1,0
user_36,CS,arrays,2024-01-20,49,1,3,1,0
user_36,CS,arrays,2024-01-21,21,1,1,1,0
user_36,CS,linked_lists,2024-01-22,43,1,4,1,0
user_36,CS,arrays,2024-01-23,41,1,1,1,0
user_36,Math,derivatives,2024-01-24,48,1,1,2,0
user_36,Math,derivatives,2024-01-25,33,1,1,1,0
user_36,Math,limits,2024-01-26,42,1,3,2,0
user_36,Math,integrals,2024-01-27,36,1,2,1,0
user_36,Math,derivatives,2024-01-28,30,1,2,2,0
user_36,CS,trees,2024-01-29,36,1,5,1,0
user_36,CS,arrays,2024-01-30,24,1,4,1,0
user_37,Math,derivatives,2024-01-01,76,1,5,2,0
user_37,Math,limits,2024-01-02,42,1,1,1,0
user_37,CS,trees,2024-01-03,41,1,1,2,0
user_37,Math,limits,2024-01-04,40,1,1,2,0
user_37,Math,integrals,2024-01-05,33,1,2,1,0
user_37,Math,limits,2024-01-06,67,1,2,1,0
user_37,CS,trees,2024-01-07,54,1,1,2,0
user_37,CS,arrays,2024-01-08,64,1,4,2,0
user_37,CS,trees,2024-01-09,34,1,5,1,0
user_37,CS,linked_lists,2024-01-10,64,1,2,2,0
user_37,Math,derivatives,2024-01-11,31,1,2,1,0
user_37,Math,limits,2024-01-12,68,1,5,2,0
user_37,Math,derivatives,2024-01-13,38,1,1,2,0
user_37,Math,limits,2024-01-14,35,1,3,2,0
user_37,Math,derivatives,2024-01-15,85,1,4,2,0
user_37,CS,linked_lists,2024-01-16,88,1,1,1,0
user_37,Math,limits,2024-01-17,71,1,5,1,0
user_37,CS,trees,2024-01-18,58,1,5,1,0
user_37,Math,derivatives,2024-01-19,27,1,3,1,0
user_37,CS,linked_lists,2024-01-20,51,1,0,1,0
user_37,CS,trees,2024-01-21,87,1,5,1,0
user_37,CS,linked_lists,2024-01-22,23,1,0,1,0
user_37,Math,integrals,2024-01-23,69,1,5,1,0
user_37,Math,derivatives,2024-01-24,54,1,3,2,0
user_37,Math,limits,2024-01-25,81,1,3,1,0
user_37,Math,limits,2024-01-26,26,1,1,1,0
user_37,CS,arrays,2024-01-27,43,1,0,1,0
user_37,CS,trees,2024-01-28,21,1,4,1,0
user_37,CS,linked_lists,2024-01-29,89,1,5,1,0
user_37,CS,linked_lists,2024-01-30,89,1,2,1,0
user_38,Math,derivatives,2024-01-01,68,1,2,1,0
user_38,CS,arrays,2024-01-02,86,2,1,2,0
user_38,Math,derivatives,2024-01-03,88,2,1,2,0
user_38,Math,derivatives,2024-01-04,40,1,4,3,0
user_38,CS,linked_lists,2024-01-05,71,1,4,2,0
user_38,CS,arrays,2024-01-06,47,2,1,3,0
user_38,CS,linked_lists,2024-01-07,24,1,4,2,0
user_38,Math,integrals,2024-01-08,81,1,4,2,0
user_38,Math,limits,2024-01-09,72,1,5,3,0
user_38,Math,integrals,2024-01-10,78,2,0,3,0
user_38,CS,trees,2024-01-11,80,2,1,2,0
user_38,CS,arrays,2024-01-12,51,1,2,2,0
user_38,CS,trees,2024-01-13,43,1,2,3,0
user_38,CS,trees,2024-01-14,87,1,2,2,0
user_38,Math,integrals,2024-01-15,67,1,2,3,0
user_38,Math,derivatives,2024-01-16,63,2,1,2,0
user_38,Math,limits,2024-01-17,60,1,4,3,0
user_38,CS,arrays,2024-01-18,84,1,3,3,0
user_38,Math,limits,2024-01-19,67,1,4,3,0
user_38,CS,linked_lists,2024-01-20,39,1,5,2,0
user_38,CS,linked_lists,2024-01-21,59,1,2,1,0
user_38,Math,integrals,2024-01-22,39,1,5,1,0
user_38,CS,arrays,2024-01-23,80,1,3,3,0
user_38,CS,linked_lists,2024-01-24,66,2,0,2,0
user_38,Math,derivatives,2024-01-25,77,2,1,2,0
user_38,CS,trees,2024-01-26,61,1,2,2,0
user_38,CS,linked_lists,2024-01-27,46,1,4,3,0
user_38,CS,linked_lists,2024-01-28,47,1,3,3,0
user_38,Math,integrals,2024-01-29,67,2,1,1,0
user_38,CS,arrays,2024-01-30,55,1,3,2,0
user_39,CS,arrays,2024-01-01,83,1,3,1,0
user_39,Math,integrals,2024-01-02,84,1,4,2,0
user_39,CS,linked_lists,2024-01-03,77,1,1,3,0
user_39,CS,linked_lists,2024-01-04,44,1,5,3,0
user_39,CS,trees,2024-01-05,47,1,1,1,0
user_39,CS,arrays,2024-01-06,71,2,0,1,0
user_39,CS,arrays,2024-01-07,64,1,5,1,0
user_39,Math,derivatives,2024-01-08,46,1,2,2,0
user_39,CS,trees,2024-01-09,82,1,2,2,0
user_39,CS,linked_lists,2024-01-10,87,1,5,2,0
user_39,CS,arrays,2024-01-11,32,1,2,1,0
user_39,CS,linked_lists,2024-01-12,57,1,4,3,0
user_39,CS,trees,2024-01-13,58,2,0,2,0
user_39,CS,arrays,2024-01-14,51,1,5,3,0
user_39,Math,limits,2024-01-15,53,2,0,1,0
user_39,CS,linked_lists,2024-01-16,62,1,3,2,0
user_39,CS,arrays,2024-01-17,76,2,0,1,0
user_39,CS,arrays,2024-01-18,29,1,5,2,0
user_39,CS,arrays,2024-01-19,74,2,0,1,0
user_39,CS,arrays,2024-01-20,51,1,4,2,0
user_39,CS,trees,2024-01-21,20,1,4,1,0
user_39,CS,linked_lists,2024-01-22,26,1,5,1,0
user_39,CS,trees,2024-01-23,82,1,3,2,0
user_39,CS,trees,2024-01-24,51,2,0,3,0
user_39,Math,integrals,2024-01-25,29,1,5,2,0
user_39,Math,derivatives,2024-01-26,72,1,2,3,0
user_39,CS,trees,2024-01-27,84,1,5,3,0
user_39,CS,trees,2024-01-28,75,1,2,2,0
user_39,CS,trees,2024-01-29,29,1,5,2,0
user_39,CS,trees,2024-01-30,33,1,3,2,0
user_40,CS,arrays,2024-01-01,31,2,1,2,0
user_40,Math,limits,2024-01-02,52,1,3,2,0
user_40,Math,derivatives,2024-01-03,21,1,4,3,0
user_40,Math,limits,2024-01-04,45,1,5,2,0
user_40,Math,derivatives,2024-01-05,22,1,4,2,0
user_40,CS,linked_lists,2024-01-06,23,1,3,1,0
user_40,Math,integrals,2024-01-07,69,2,1,1,0
user_40,Math,derivatives,2024-01-08,74,1,3,2,0
user_40,CS,arrays,2024-01-09,43,2,1,3,0
user_40,CS,trees,2024-01-10,51,1,5,1,0
user_40,CS,trees,2024-01-11,34,1,2,2,0
user_40,CS,trees,2024-01-12,84,1,2,3,0
user_40,Math,limits,2024-01-13,50,1,2,2,0
user_40,CS,arrays,2024-01-14,53,2,1,2,0
user_40,CS,trees,2024-01-15,60,1,2,1,0
user_40,Math,derivatives,2024-01-16,46,1,5,1,0
user_40,Math,limits,2024-01-17,49,1,3,3,0
user_40,CS,trees,2024-01-18,33,1,3,3,0
user_40,CS,linked_lists,2024-01-19,55,1,4,2,0
user_40,CS,arrays,2024-01-20,74,1,2,2,0
user_40,CS,arrays,2024-01-21,24,1,4,2,0
user_40,Math,limits,2024-01-22,26,1,4,2,0
user_40,Math,integrals,2024-01-23,54,2,1,3,0
user_40,CS,trees,2024-01-24,28,1,4,2,0
user_40,CS,trees,2024-01-25,28,1,4,2,0
user_40,Math,derivatives,2024-01-26,47,2,0,2,0
user_40,Math,limits,2024-01-27,30,1,5,3,0
user_40,Math,derivatives,2024-01-28,26,1,4,2,0
user_40,Math,integrals,2024-01-29,82,1,5,3,0
user_40,CS,arrays,2024-01-30,64,1,3,2,0
user_41,CS,arrays,2024-01-01,23,1,2,1,0
user_41,Math,derivatives,2024-01-02,56,1,4,3,0
user_41,Math,derivatives,2024-01-03,84,1,3,2,0
user_41,CS,trees,2024-01-04,88,1,1,2,0
user_41,CS,arrays,2024-01-05,45,1,2,1,0
user_41,CS,linked_lists,2024-01-06,72,1,2,2,0
user_41,CS,linked_lists,2024-01-07,41,1,3,1,0
user_41,Math,limits,2024-01-08,49,1,4,1,0
user_41,Math,integrals,2024-01-09,23,1,5,2,0
user_41,Math,derivatives,2024-01-10,22,2,0,2,0
user_41,CS,arrays,2024-01-11,47,1,4,3,0
user_41,CS,arrays,2024-01-12,38,1,4,2,0
user_41,CS,linked_lists,2024-01-13,29,1,1,2,0
user_41,CS,arrays,2024-01-14,41,1,1,1,0
user_41,Math,derivatives,2024-01-15,81,2,0,2,0
user_41,CS,arrays,2024-01-16,40,1,1,3,0
user_41,CS,arrays,2024-01-17,81,1,1,2,0
user_41,CS,arrays,2024-01-18,66,1,5,1,0
user_41,CS,linked_lists,2024-01-19,25,1,3,2,0
user_41,Math,integrals,2024-01-20,86,1,3,2,0
user_41,CS,arrays,2024-01-21,22,1,4,1,0
user_41,CS,linked_lists,2024-01-22,55,1,4,2,0
user_41,Math,integrals,2024-01-23,38,1,4,1,0
user_41,CS,linked_lists,2024-01-24,46,1,1,3,0
user_41,CS,linked_lists,2024-01-25,56,1,2,2,0
user_41,Math,derivatives,2024-01-26,83,1,4,2,0
user_41,Math,limits,2024-01-27,25,1,2,2,0
user_41,CS,trees,2024-01-28,65,1,1,2,0
user_41,CS,linked_lists,2024-01-29,59,1,5,2,0
user_41,Math,derivatives,2024-01-30,62,1,1,1,0
user_42,Math,limits,2024-01-01,32,2,0,1,0
user_42,Math,derivatives,2024-01-02,53,1,1,2,0
user_42,Math,derivatives,2024-01-03,82,1,3,2,0
user_42,Math,limits,2024-01-04,33,1,5,2,0
user_42,CS,arrays,2024-01-05,83,1,1,2,0
user_42,Math,limits,2024-01-06,45,1,3,2,0
user_42,Math,limits,2024-01-07,84,1,5,2,0
user_42,Math,limits,2024-01-08,66,1,5,1,0
user_42,CS,trees,2024-01-09,64,1,3,2,0
user_42,Math,limits,2024-01-10,65,1,3,2,0
user_42,CS,linked_lists,2024-01-11,46,1,2,3,0
user_42,CS,linked_lists,2024-01-12,90,1,1,2,0
user_42,Math,derivatives,2024-01-13,84,1,4,2,0
user_42,Math,integrals,2024-01-14,76,1,2,1,0
user_42,Math,limits,2024-01-15,79,2,0,2,0
user_42,Math,derivatives,2024-01-16,77,1,2,2,0
user_42,Math,derivatives,2024-01-17,61,1,3,1,0
user_42,Math,limits,2024-01-18,62,2,0,2,0
user_42,Math,limits,2024-01-19,67,1,2,2,0
user_42,CS,arrays,2024-01-20,56,1,4,1,0
user_42,CS,arrays,2024-01-21,70,1,5,2,0
user_42,Math,integrals,2024-01-22,35,1,4,1,0
user_42,Math,limits,2024-01-23,30,1,1,2,0
user_42,CS,arrays,2024-01-24,86,1,4,1,0
user_42,CS,linked_lists,2024-01-25,24,1,4,3,0
user_42,CS,linked_lists,2024-01-26,45,2,0,1,0
user_42,CS,arrays,2024-01-27,35,2,0,2,0
user_42,Math,derivatives,2024-01-28,60,1,5,2,0
user_42,CS,arrays,2024-01-29,76,1,5,1,0
user_42,Math,integrals,2024-01-30,35,1,5,1,0
user_43,CS,linked_lists,2024-01-01,46,1,4,2,0
user_43,CS,linked_lists,2024-01-02,37,1,2,1,0
user_43,CS,arrays,2024-01-03,40,1,3,1,0
user_43,CS,arrays,2024-01-04,78,1,5,2,0
user_43,CS,linked_lists,2024-01-05,23,1,3,2,0
user_43,Math,limits,2024-01-06,71,1,0,1,0
user_43,Math,integrals,2024-01-07,72,1,2,1,0
user_43,Math,integrals,2024-01-08,38,1,1,1,0
user_43,Math,limits,2024-01-09,74,1,0,2,0
user_43,Math,integrals,2024-01-10,22,1,2,2,0
user_43,CS,trees,2024-01-11,31,1,0,2,0
user_43,CS,trees,2024-01-12,55,1,4,1,0
user_43,Math,integrals,2024-01-13,60,1,2,1,0
user_43,Math,derivatives,2024-01-14,28,1,1,1,0
user_43,CS,linked_lists,2024-01-15,70,1,0,2,0
user_43,CS,linked_lists,2024-01-16,90,1,0,1,0
user_43,CS,trees,2024-01-17,55,1,4,2,0
user_43,CS,arrays,2024-01-18,45,1,0,2,0
user_43,Math,limits,2024-01-19,38,1,4,1,0
user_43,Math,limits,2024-01-20,37,1,4,1,0
user_43,CS,trees,2024-01-21,89,1,4,1,0
user_43,CS,arrays,2024-01-22,70,1,4,1,0
user_43,Math,integrals,2024-01-23,56,1,1,1,0
user_43,CS,trees,2024-01-24,76,1,3,1,0
user_43,CS,arrays,2024-01-25,28,1,4,1,0
user_43,Math,derivatives,2024-01-26,20,1,3,1,0
user_43,Math,limits,2024-01-27,20,1,5,2,0
user_43,Math,derivatives,2024-01-28,69,1,1,2,0
user_43,Math,integrals,2024-01-29,66,1,0,2,0
user_43,CS,linked_lists,2024-01-30,45,1,5,2,0
user_44,CS,linked_lists,2024-01-01,52,1,3,2,0
user_44,Math,derivatives,2024-01-02,66,2,0,2,0
user_44,Math,integrals,2024-01-03,68,1,5,2,0
user_44,CS,arrays,2024-01-04,25,1,1,1,0
user_44,Math,limits,2024-01-05,30,1,4,2,0
user_44,Math,derivatives,2024-01-06,66,1,5,1,0
user_44,CS,arrays,2024-01-07,21,1,2,1,0
user_44,CS,arrays,2024-01-08,29,1,1,1,0
user_44,Math,derivatives,2024-01-09,37,2,0,1,0
user_44,Math,limits,2024-01-10,49,1,1,2,0
user_44,Math,derivatives,2024-01-11,83,1,5,1,0
user_44,Math,limits,2024-01-12,54,1,3,2,0
user_44,Math,integrals,2024-01-13,40,1,2,1,0
user_44,CS,trees,2024-01-14,74,1,3,2,0
user_44,CS,trees,2024-01-15,51,1,4,1,0
user_44,CS,arrays,2024-01-16,77,1,2,2,0
user_44,Math,derivatives,2024-01-17,28,1,1,2,0
user_44,Math,integrals,2024-01-18,34,1,2,1,0
user_44,CS,linked_lists,2024-01-19,33,1,1,1,0
user_44,Math,derivatives,2024-01-20,43,1,1,2,0
user_44,CS,arrays,2024-01-21,84,1,5,1,0
user_44,CS,arrays,2024-01-22,73,2,0,1,0
user_44,Math,limits,2024-01-23,88,1,2,1,0
user_44,Math,limits,2024-01-24,48,1,2,2,0
user_44,Math,derivatives,2024-01-25,51,1,1,2,0
user_44,Math,derivatives,2024-01-26,55,1,4,2,0
user_44,CS,arrays,2024-01-27,59,1,4,1,0
user_44,CS,linked_lists,2024-01-28,29,2,0,1,0
user_44,Math,integrals,2024-01-29,55,1,2,1,0
user_44,CS,arrays,2024-01-30,56,2,0,1,0
user_45,Math,integrals,2024-01-01,75,1,2,2,0
user_45,CS,arrays,2024-01-02,48,1,5,3,0
user_45,Math,limits,2024-01-03,54,2,1,1,0
user_45,Math,limits,2024-01-04,45,1,3,3,0
user_45,CS,linked_lists,2024-01-05,82,1,3,2,0
user_45,CS,trees,2024-01-06,38,1,2,2,0
user_45,Math,derivatives,2024-01-07,46,2,0,3,0
user_45,Math,integrals,2024-01-08,59,1,5,3,0
user_45,Math,derivatives,2024-01-09,47,2,0,2,0
user_45,Math,integrals,2024-01-10,34,1,2,2,0
user_45,CS,linked_lists,2024-01-11,60,2,0,1,0
user_45,Math,limits,2024-01-12,42,1,5,2,0
user_45,CS,linked_lists,2024-01-13,35,2,1,1,0
user_45,CS,arrays,2024-01-14,55,2,1,2,0
user_45,Math,integrals,2024-01-15,58,1,3,2,0
user_45,CS,linked_lists,2024-01-16,68,2,1,3,0
user_45,Math,integrals,2024-01-17,38,1,4,2,0
user_45,Math,integrals,2024-01-18,64,2,1,3,0
user_45,CS,trees,2024-01-19,85,1,4,1,0
user_45,Math,derivatives,2024-01-20,44,2,0,2,0
user_45,Math,limits,2024-01-21,64,2,0,3,0
user_45,CS,arrays,2024-01-22,58,1,2,2,0
user_45,Math,integrals,2024-01-23,57,1,5,2,0
user_45,Math,limits,2024-01-24,82,2,0,3,0
user_45,Math,integrals,2024-01-25,42,1,4,2,0
user_45,Math,integrals,2024-01-26,80,1,2,1,0
user_45,CS,arrays,2024-01-27,25,1,4,1,0
user_45,Math,derivatives,2024-01-28,43,2,1,2,0
user_45,CS,linked_lists,2024-01-29,24,2,1,1,0
user_45,CS,trees,2024-01-30,83,2,0,1,0
user_46,CS,trees,2024-01-01,26,1,4,1,0
user_46,CS,arrays,2024-01-02,86,1,0,2,0
user_46,Math,integrals,2024-01-03,66,1,1,1,0
user_46,CS,linked_lists,2024-01-04,38,1,2,1,0
user_46,Math,integrals,2024-01-05,33,1,3,1,0
user_46,Math,derivatives,2024-01-06,80,1,4,1,0
user_46,CS,linked_lists,2024-01-07,54,1,4,2,0
user_46,Math,derivatives,2024-01-08,54,1,5,1,0
user_46,Math,limits,2024-01-09,89,1,4,2,0
user_46,Math,limits,2024-01-10,90,1,3,2,0
user_46,Math,integrals,2024-01-11,21,1,2,1,0
user_46,CS,linked_lists,2024-01-12,74,1,1,2,0
user_46,CS,arrays,2024-01-13,27,1,0,2,0
user_46,Math,integrals,2024-01-14,23,1,4,1,0
user_46,Math,limits,2024-01-15,39,1,4,2,0
user_46,CS,linked_lists,2024-01-16,51,1,2,1,0
user_46,Math,derivatives,2024-01-17,32,1,2,1,0
user_46,CS,trees,2024-01-18,56,1,1,2,0
user_46,CS,arrays,2024-01-19,61,1,2,2,0
user_46,Math,derivatives,2024-01-20,22,1,4,2,0
user_46,CS,trees,2024-01-21,43,1,0,2,0
user_46,CS,linked_lists,2024-01-22,54,1,2,2,0
user_46,Math,derivatives,2024-01-23,89,1,4,1,0
user_46,Math,limits,2024-01-24,24,1,0,2,0
user_46,CS,trees,2024-01-25,47,1,0,2,0
user_46,Math,derivatives,2024-01-26,37,1,4,1,0
user_46,CS,linked_lists,2024-01-27,89,1,4,2,0
user_46,Math,limits,2024-01-28,24,1,3,1,0
user_46,Math,derivatives,2024-01-29,39,1,3,1,0
user_46,Math,limits,2024-01-30,79,1,0,1,0
user_47,CS,linked_lists,2024-01-01,23,1,2,2,0
user_47,Math,derivatives,2024-01-02,89,1,3,2,0
user_47,CS,trees,2024-01-03,78,2,0,2,0
user_47,CS,linked_lists,2024-01-04,49,1,4,2,0
user_47,Math,integrals,2024-01-05,34,1,3,2,0
user_47,CS,trees,2024-01-06,69,1,5,1,0
user_47,Math,integrals,2024-01-07,67,1,2,3,0
user_47,CS,trees,2024-01-08,51,2,0,1,0
user_47,Math,integrals,2024-01-09,60,1,3,2,0
user_47,CS,trees,2024-01-10,48,2,0,3,0
user_47,Math,derivatives,2024-01-11,42,1,3,3,0
user_47,CS,arrays,2024-01-12,63,1,2,2,0
user_47,CS,trees,2024-01-13,28,1,4,3,0
user_47,CS,arrays,2024-01-14,57,2,1,2,0
user_47,Math,integrals,2024-01-15,29,2,0,3,0
user_47,Math,derivatives,2024-01-16,41,1,3,1,0
user_47,Math,limits,2024-01-17,67,2,0,1,0
user_47,Math,integrals,2024-01-18,41,1,2,3,0
user_47,CS,trees,2024-01-19,84,1,5,3,0
user_47,Math,derivatives,2024-01-20,58,1,4,2,0
user_47,Math,integrals,2024-01-21,90,2,0,2,0
user_47,CS,trees,2024-01-22,61,2,0,2,0
user_47,CS,trees,2024-01-23,30,1,4,2,0
user_47,Math,limits,2024-01-24,76,2,1,3,0
user_47,Math,integrals,2024-01-25,57,2,0,2,0
user_47,CS,trees,2024-01-26,79,2,1,2,0
user_47,CS,trees,2024-01-27,79,2,0,2,0
user_47,CS,trees,2024-01-28,38,2,0,2,0
user_47,CS,trees,2024-01-29,27,1,5,3,0
user_47,CS,trees,2024-01-30,57,1,5,2,0
user_48,Math,derivatives,2024-01-01,87,2,0,3,0
user_48,Math,limits,2024-01-02,62,1,2,1,0
user_48,CS,arrays,2024-01-03,34,1,1,3,0
user_48,Math,derivatives,2024-01-04,76,1,1,2,0
user_48,CS,linked_lists,2024-01-05,49,2,0,2,0
user_48,Math,integrals,2024-01-06,48,1,1,2,0
user_48,Math,limits,2024-01-07,66,1,2,2,0
user_48,Math,derivatives,2024-01-08,61,1,1,2,0
user_48,CS,trees,2024-01-09,47,1,3,2,0
user_48,CS,arrays,2024-01-10,66,1,4,2,0
user_48,Math,limits,2024-01-11,38,1,4,2,0
user_48,CS,trees,2024-01-12,86,2,0,1,0
user_48,CS,arrays,2024-01-13,26,1,4,2,0
user_48,Math,derivatives,2024-01-14,82,2,0,2,0
user_48,Math,integrals,2024-01-15,64,1,2,1,0
user_48,CS,trees,2024-01-16,86,1,3,1,0
user_48,Math,integrals,2024-01-17,64,1,5,2,0
user_48,CS,linked_lists,2024-01-18,58,1,4,2,0
user_48,CS,arrays,2024-01-19,44,2,0,2,0
user_48,Math,derivatives,2024-01-20,82,1,5,2,0
user_48,CS,trees,2024-01-21,34,2,0,2,0
user_48,CS,trees,2024-01-22,38,1,2,2,0
user_48,Math,integrals,2024-01-23,23,1,4,2,0
user_48,CS,arrays,2024-01-24,57,1,5,1,0
user_48,CS,arrays,2024-01-25,54,1,1,1,0
user_48,CS,arrays,2024-01-26,65,1,3,2,0
user_48,Math,integrals,2024-01-27,21,1,4,2,0
user_48,Math,derivatives,2024-01-28,34,1,4,2,0
user_48,Math,integrals,2024-01-29,64,1,5,1,0
user_48,Math,integrals,2024-01-30,85,1,2,1,0
user_49,CS,trees,2024-01-01,61,2,0,2,0
user_49,Math,integrals,2024-01-02,26,1,3,2,0
user_49,Math,limits,2024-01-03,33,1,5,2,0
user_49,Math,limits,2024-01-04,69,1,1,2,0
user_49,Math,limits,2024-01-05,32,1,4,1,0
user_49,CS,arrays,2024-01-06,85,1,3,2,0
user_49,Math,derivatives,2024-01-07,60,1,1,1,0
user_49,Math,derivatives,2024-01-08,42,1,4,1,0
user_49,Math,integrals,2024-01-09,29,1,4,2,0
user_49,Math,derivatives,2024-01-10,69,1,4,2,0
user_49,CS,trees,2024-01-11,81,1,2,1,0
user_49,CS,arrays,2024-01-12,56,1,4,2,0
user_49,CS,trees,2024-01-13,63,1,5,2,0
user_49,CS,trees,2024-01-14,72,1,5,1,0
user_49,CS,arrays,2024-01-15,85,1,4,2,0
user_49,CS,linked_lists,2024-01-16,80,1,3,2,0
user_49,Math,integrals,2024-01-17,32,2,0,2,0
user_49,CS,trees,2024-01-18,38,1,1,1,0
user_49,CS,trees,2024-01-19,26,1,2,1,0
user_49,Math,derivatives,2024-01-20,72,1,2,2,0
user_49,CS,linked_lists,2024-01-21,78,2,0,2,0
user_49,CS,linked_lists,2024-01-22,82,1,1,1,0
user_49,Math,derivatives,2024-01-23,61,1,4,2,0
user_49,Math,derivatives,2024-01-24,70,1,3,1,0
user_49,CS,arrays,2024-01-25,26,1,3,2,0
user_49,CS,trees,2024-01-26,31,1,1,1,0
user_49,Math,limits,2024-01-27,36,1,1,1,0
user_49,Math,derivatives,2024-01-28,83,1,3,2,0
user_49,CS,arrays,2024-01-29,39,1,5,1,0
user_49,Math,integrals,2024-01-30,83,1,2,1,0
user_50,Math,integrals,2024-01-01,67,1,4,3,0
user_50,Math,derivatives,2024-01-02,28,1,2,3,0
user_50,Math,derivatives,2024-01-03,71,1,1,2,0
user_50,CS,arrays,2024-01-04,64,2,0,2,0
user_50,CS,arrays,2024-01-05,45,1,3,3,0
user_50,Math,integrals,2024-01-06,50,1,3,2,0
user_50,CS,arrays,2024-01-07,32,1,4,1,0
user_50,CS,trees,2024-01-08,82,1,3,2,0
user_50,CS,trees,2024-01-09,24,1,2,3,0
user_50,Math,derivatives,2024-01-10,21,2,0,2,0
user_50,Math,integrals,2024-01-11,48,1,1,2,0
user_50,Math,limits,2024-01-12,31,2,0,3,0
user_50,Math,integrals,2024-01-13,65,1,2,3,0
user_50,Math,derivatives,2024-01-14,34,1,5,1,0
user_50,Math,limits,2024-01-15,29,1,1,3,0
user_50,CS,linked_lists,2024-01-16,74,1,2,1,0
user_50,CS,trees,2024-01-17,71,1,5,1,0
user_50,Math,integrals,2024-01-18,45,1,2,2,0
user_50,CS,trees,2024-01-19,40,1,5,2,0
user_50,Math,integrals,2024-01-20,31,1,2,1,0
user_50,Math,integrals,2024-01-21,52,1,2,3,0
user_50,CS,arrays,2024-01-22,60,1,4,3,0
user_50,Math,derivatives,2024-01-23,74,2,0,2,0
user_50,Math,limits,2024-01-24,25,1,5,2,0
user_50,Math,limits,2024-01-25,23,1,5,1,0
user_50,Math,derivatives,2024-01-26,62,1,1,1,0
user_50,CS,arrays,2024-01-27,42,1,4,1,0
user_50,Math,derivatives,2024-01-28,21,1,1,2,0
user_50,CS,linked_lists,2024-01-29,74,2,0,2,0
user_50,Math,limits,2024-01-30,88,1,4,3,0
